symbol,name,sector,kind,inclusion_reason
SPY,SPDR S&P 500 ETF Trust,Broad Market,etf,benchmark
XLK,Technology Select Sector SPDR,Information Technology,etf,sector sleeve
XLF,Financial Select Sector SPDR,Financials,etf,sector sleeve
XLV,Health Care Select Sector SPDR,Health Care,etf,sector sleeve
XLE,Energy Select Sector SPDR,Energy,etf,sector sleeve
XLY,Consumer Discretionary Select Sector SPDR,Consumer Discretionary,etf,sector sleeve
XLP,Consumer Staples Select Sector SPDR,Consumer Staples,etf,sector sleeve
XLI,Industrial Select Sector SPDR,Industrials,etf,sector sleeve
XLU,Utilities Select Sector SPDR,Utilities,etf,sector sleeve
XLB,Materials Select Sector SPDR,Materials,etf,sector sleeve
XLRE,Real Estate Select Sector SPDR,Real Estate,etf,sector sleeve
XLC,Communication Services Select Sector SPDR,Communication Services,etf,sector sleeve
MMM,3M,Industrials,stock,S&P 500 constituent as of 2026-10 (survivorship bias; documented)
AOS,A. O. Smith,Industrials,stock,S&P 500 constituent as of 2026-10 (survivorship bias; documented)
ABT,Abbott Laboratories,Health Care,stock,S&P 500 constituent as of 2026-10 (survivorship bias; documented)
ABBV,AbbVie,Health Care,stock,S&P 500 constituent as of 2026-10 (survivorship bias; documented)
ACN,Accenture,Information Technology,stock,S&P 500 constituent as of 2026-10 (survivorship bias; documented)
ADBE,Adobe Inc.,Information Technology,stock,S&P 500 constituent as of 2026-10 (survivorship bias; documented)
AMD,Advanced Micro Devices,Information Technology,stock,S&P 500 constituent as of 2026-10 (survivorship bias; documented)
AES,AES Corporation,Utilities,stock,S&P 500 constituent as of 2026-10 (survivorship bias; documented)
AFL,Aflac,Financials,stock,S&P 500 constituent as of 2026-10 (survivorship bias; documented)
A,Agilent Technologies,Health Care,stock,S&P 500 constituent as of 2026-10 (survivorship bias; documented)
APD,Air Products,Materials,stock,S&P 500 constituent as of 2026-10 (survivorship bias; documented)
ABNB,Airbnb,Consumer Discretionary,stock,S&P 500 constituent as of 2026-10 (survivorship bias; documented)
AKAM,Akamai Technologies,Information Technology,stock,S&P 500 constituent as of 2026-10 (survivorship bias; documented)
ALB,Albemarle Corporation,Materials,stock,S&P 500 constituent as of 2026-10 (survivorship bias; documented)
ARE,Alexandria Real Estate Equities,Real Estate,stock,S&P 500 constituent as of 2026-10 (survivorship bias; documented)
ALGN,Align Technology,Health Care,stock,S&P 500 constituent as of 2026-10 (survivorship bias; documented)
ALLE,Allegion,Industrials,stock,S&P 500 constituent as of 2026-10 (survivorship bias; documented)
LNT,Alliant Energy,Utilities,stock,S&P 500 constituent as of 2026-10 (survivorship bias; documented)
ALL,Allstate,Financials,stock,S&P 500 constituent as of 2026-10 (survivorship bias; documented)
GOOGL,Alphabet Inc. (Class A),Communication Services,stock,S&P 500 constituent as of 2026-10 (survivorship bias; documented)
GOOG,Alphabet Inc. (Class C),Communication Services,stock,S&P 500 constituent as of 2026-10 (survivorship bias; documented)
MO,Altria,Consumer Staples,stock,S&P 500 constituent as of 2026-10 (survivorship bias; documented)
AMZN,Amazon,Consumer Discretionary,stock,S&P 500 constituent as of 2026-10 (survivorship bias; documented)
AMCR,Amcor,Materials,stock,S&P 500 constituent as of 2026-10 (survivorship bias; documented)
AEE,Ameren,Utilities,stock,S&P 500 constituent as of 2026-10 (survivorship bias; documented)
AEP,American Electric Power,Utilities,stock,S&P 500 constituent as of 2026-10 (survivorship bias; documented)
AXP,American Express,Financials,stock,S&P 500 constituent as of 2026-10 (survivorship bias; documented)
AIG,American International Group,Financials,stock,S&P 500 constituent as of 2026-10 (survivorship bias; documented)
AMT,American Tower,Real Estate,stock,S&P 500 constituent as of 2026-10 (survivorship bias; documented)
AWK,American Water Works,Utilities,stock,S&P 500 constituent as of 2026-10 (survivorship bias; documented)
AMP,Ameriprise Financial,Financials,stock,S&P 500 constituent as of 2026-10 (survivorship bias; documented)
AME,Ametek,Industrials,stock,S&P 500 constituent as of 2026-10 (survivorship bias; documented)
AMGN,Amgen,Health Care,stock,S&P 500 constituent as of 2026-10 (survivorship bias; documented)
APH,Amphenol,Information Technology,stock,S&P 500 constituent as of 2026-10 (survivorship bias; documented)
ADI,Analog Devices,Information Technology,stock,S&P 500 constituent as of 2026-10 (survivorship bias; documented)
AON,Aon plc,Financials,stock,S&P 500 constituent as of 2026-10 (survivorship bias; documented)
APA,APA Corporation,Energy,stock,S&P 500 constituent as of 2026-10 (survivorship bias; documented)
APO,Apollo Global Management,Financials,stock,S&P 500 constituent as of 2026-10 (survivorship bias; documented)
AAPL,Apple Inc.,Information Technology,stock,S&P 500 constituent as of 2026-10 (survivorship bias; documented)
AMAT,Applied Materials,Information Technology,stock,S&P 500 constituent as of 2026-10 (survivorship bias; documented)
APP,AppLovin,Communication Services,stock,S&P 500 constituent as of 2026-10 (survivorship bias; documented)
APTV,Aptiv,Consumer Discretionary,stock,S&P 500 constituent as of 2026-10 (survivorship bias; documented)
ACGL,Arch Capital Group,Financials,stock,S&P 500 constituent as of 2026-10 (survivorship bias; documented)
ADM,Archer Daniels Midland,Consumer Staples,stock,S&P 500 constituent as of 2026-10 (survivorship bias; documented)
ARES,Ares Management,Financials,stock,S&P 500 constituent as of 2026-10 (survivorship bias; documented)
ANET,Arista Networks,Information Technology,stock,S&P 500 constituent as of 2026-10 (survivorship bias; documented)
AJG,Arthur J. Gallagher & Co.,Financials,stock,S&P 500 constituent as of 2026-10 (survivorship bias; documented)
AIZ,Assurant,Financials,stock,S&P 500 constituent as of 2026-10 (survivorship bias; documented)
T,AT&T,Communication Services,stock,S&P 500 constituent as of 2026-10 (survivorship bias; documented)
ATO,Atmos Energy,Utilities,stock,S&P 500 constituent as of 2026-10 (survivorship bias; documented)
ADSK,Autodesk,Information Technology,stock,S&P 500 constituent as of 2026-10 (survivorship bias; documented)
ADP,Automatic Data Processing,Industrials,stock,S&P 500 constituent as of 2026-10 (survivorship bias; documented)
AZO,AutoZone,Consumer Discretionary,stock,S&P 500 constituent as of 2026-10 (survivorship bias; documented)
AVY,Avery Dennison,Materials,stock,S&P 500 constituent as of 2026-10 (survivorship bias; documented)
AXON,Axon Enterprise,Industrials,stock,S&P 500 constituent as of 2026-10 (survivorship bias; documented)
BKR,Baker Hughes,Energy,stock,S&P 500 constituent as of 2026-10 (survivorship bias; documented)
BALL,Ball Corporation,Materials,stock,S&P 500 constituent as of 2026-10 (survivorship bias; documented)
BAC,Bank of America,Financials,stock,S&P 500 constituent as of 2026-10 (survivorship bias; documented)
BAX,Baxter International,Health Care,stock,S&P 500 constituent as of 2026-10 (survivorship bias; documented)
BDX,Becton Dickinson,Health Care,stock,S&P 500 constituent as of 2026-10 (survivorship bias; documented)
BRK-B,Berkshire Hathaway,Financials,stock,S&P 500 constituent as of 2026-10 (survivorship bias; documented)
BBY,Best Buy,Consumer Discretionary,stock,S&P 500 constituent as of 2026-10 (survivorship bias; documented)
TECH,Bio-Techne,Health Care,stock,S&P 500 constituent as of 2026-10 (survivorship bias; documented)
BIIB,Biogen,Health Care,stock,S&P 500 constituent as of 2026-10 (survivorship bias; documented)
BLK,BlackRock,Financials,stock,S&P 500 constituent as of 2026-10 (survivorship bias; documented)
BX,Blackstone Inc.,Financials,stock,S&P 500 constituent as of 2026-10 (survivorship bias; documented)
XYZ,Block  Inc.,Financials,stock,S&P 500 constituent as of 2026-10 (survivorship bias; documented)
BE,Bloom Energy,Industrials,stock,S&P 500 constituent as of 2026-10 (survivorship bias; documented)
BNY,BNY Mellon,Financials,stock,S&P 500 constituent as of 2026-10 (survivorship bias; documented)
BA,Boeing,Industrials,stock,S&P 500 constituent as of 2026-10 (survivorship bias; documented)
BKNG,Booking Holdings,Consumer Discretionary,stock,S&P 500 constituent as of 2026-10 (survivorship bias; documented)
BSX,Boston Scientific,Health Care,stock,S&P 500 constituent as of 2026-10 (survivorship bias; documented)
BMY,Bristol Myers Squibb,Health Care,stock,S&P 500 constituent as of 2026-10 (survivorship bias; documented)
AVGO,Broadcom,Information Technology,stock,S&P 500 constituent as of 2026-10 (survivorship bias; documented)
BR,Broadridge Financial Solutions,Industrials,stock,S&P 500 constituent as of 2026-10 (survivorship bias; documented)
BRO,Brown & Brown,Financials,stock,S&P 500 constituent as of 2026-10 (survivorship bias; documented)
BF-B,Brown–Forman,Consumer Staples,stock,S&P 500 constituent as of 2026-10 (survivorship bias; documented)
BG,Bunge Global,Consumer Staples,stock,S&P 500 constituent as of 2026-10 (survivorship bias; documented)
BXP,BXP  Inc.,Real Estate,stock,S&P 500 constituent as of 2026-10 (survivorship bias; documented)
CHRW,C.H. Robinson,Industrials,stock,S&P 500 constituent as of 2026-10 (survivorship bias; documented)
CDNS,Cadence Design Systems,Information Technology,stock,S&P 500 constituent as of 2026-10 (survivorship bias; documented)
CPT,Camden Property Trust,Real Estate,stock,S&P 500 constituent as of 2026-10 (survivorship bias; documented)
COF,Capital One,Financials,stock,S&P 500 constituent as of 2026-10 (survivorship bias; documented)
CAH,Cardinal Health,Health Care,stock,S&P 500 constituent as of 2026-10 (survivorship bias; documented)
CCL,Carnival Corporation,Consumer Discretionary,stock,S&P 500 constituent as of 2026-10 (survivorship bias; documented)
CARR,Carrier Global,Industrials,stock,S&P 500 constituent as of 2026-10 (survivorship bias; documented)
CVNA,Carvana,Consumer Discretionary,stock,S&P 500 constituent as of 2026-10 (survivorship bias; documented)
CASY,Casey's,Consumer Staples,stock,S&P 500 constituent as of 2026-10 (survivorship bias; documented)
CAT,Caterpillar Inc.,Industrials,stock,S&P 500 constituent as of 2026-10 (survivorship bias; documented)
CBOE,Cboe Global Markets,Financials,stock,S&P 500 constituent as of 2026-10 (survivorship bias; documented)
CBRE,CBRE Group,Real Estate,stock,S&P 500 constituent as of 2026-10 (survivorship bias; documented)
CDW,CDW Corporation,Information Technology,stock,S&P 500 constituent as of 2026-10 (survivorship bias; documented)
COR,Cencora,Health Care,stock,S&P 500 constituent as of 2026-10 (survivorship bias; documented)
CNC,Centene Corporation,Health Care,stock,S&P 500 constituent as of 2026-10 (survivorship bias; documented)
CNP,CenterPoint Energy,Utilities,stock,S&P 500 constituent as of 2026-10 (survivorship bias; documented)
CF,CF Industries,Materials,stock,S&P 500 constituent as of 2026-10 (survivorship bias; documented)
CRL,Charles River Laboratories,Health Care,stock,S&P 500 constituent as of 2026-10 (survivorship bias; documented)
SCHW,Charles Schwab Corporation,Financials,stock,S&P 500 constituent as of 2026-10 (survivorship bias; documented)
CHTR,Charter Communications,Communication Services,stock,S&P 500 constituent as of 2026-10 (survivorship bias; documented)
CVX,Chevron Corporation,Energy,stock,S&P 500 constituent as of 2026-10 (survivorship bias; documented)
CMG,Chipotle Mexican Grill,Consumer Discretionary,stock,S&P 500 constituent as of 2026-10 (survivorship bias; documented)
CB,Chubb Limited,Financials,stock,S&P 500 constituent as of 2026-10 (survivorship bias; documented)
CHD,Church & Dwight,Consumer Staples,stock,S&P 500 constituent as of 2026-10 (survivorship bias; documented)
CIEN,Ciena,Information Technology,stock,S&P 500 constituent as of 2026-10 (survivorship bias; documented)
CI,Cigna,Health Care,stock,S&P 500 constituent as of 2026-10 (survivorship bias; documented)
CINF,Cincinnati Financial,Financials,stock,S&P 500 constituent as of 2026-10 (survivorship bias; documented)
CTAS,Cintas,Industrials,stock,S&P 500 constituent as of 2026-10 (survivorship bias; documented)
CSCO,Cisco,Information Technology,stock,S&P 500 constituent as of 2026-10 (survivorship bias; documented)
C,Citigroup,Financials,stock,S&P 500 constituent as of 2026-10 (survivorship bias; documented)
CFG,Citizens Financial Group,Financials,stock,S&P 500 constituent as of 2026-10 (survivorship bias; documented)
CLX,Clorox,Consumer Staples,stock,S&P 500 constituent as of 2026-10 (survivorship bias; documented)
CME,CME Group,Financials,stock,S&P 500 constituent as of 2026-10 (survivorship bias; documented)
CMS,CMS Energy,Utilities,stock,S&P 500 constituent as of 2026-10 (survivorship bias; documented)
KO,Coca-Cola Company (The),Consumer Staples,stock,S&P 500 constituent as of 2026-10 (survivorship bias; documented)
CTSH,Cognizant,Information Technology,stock,S&P 500 constituent as of 2026-10 (survivorship bias; documented)
COHR,Coherent Corp.,Information Technology,stock,S&P 500 constituent as of 2026-10 (survivorship bias; documented)
COIN,Coinbase,Financials,stock,S&P 500 constituent as of 2026-10 (survivorship bias; documented)
CL,Colgate-Palmolive,Consumer Staples,stock,S&P 500 constituent as of 2026-10 (survivorship bias; documented)
CMCSA,Comcast,Communication Services,stock,S&P 500 constituent as of 2026-10 (survivorship bias; documented)
FIX,Comfort Systems USA,Industrials,stock,S&P 500 constituent as of 2026-10 (survivorship bias; documented)
COP,ConocoPhillips,Energy,stock,S&P 500 constituent as of 2026-10 (survivorship bias; documented)
ED,Consolidated Edison,Utilities,stock,S&P 500 constituent as of 2026-10 (survivorship bias; documented)
STZ,Constellation Brands,Consumer Staples,stock,S&P 500 constituent as of 2026-10 (survivorship bias; documented)
CEG,Constellation Energy,Utilities,stock,S&P 500 constituent as of 2026-10 (survivorship bias; documented)
COO,Cooper Companies (The),Health Care,stock,S&P 500 constituent as of 2026-10 (survivorship bias; documented)
CPRT,Copart,Industrials,stock,S&P 500 constituent as of 2026-10 (survivorship bias; documented)
GLW,Corning Inc.,Information Technology,stock,S&P 500 constituent as of 2026-10 (survivorship bias; documented)
CPAY,Corpay,Financials,stock,S&P 500 constituent as of 2026-10 (survivorship bias; documented)
CSGP,CoStar Group,Real Estate,stock,S&P 500 constituent as of 2026-10 (survivorship bias; documented)
COST,Costco,Consumer Staples,stock,S&P 500 constituent as of 2026-10 (survivorship bias; documented)
CRH,CRH plc,Materials,stock,S&P 500 constituent as of 2026-10 (survivorship bias; documented)
CRWD,CrowdStrike,Information Technology,stock,S&P 500 constituent as of 2026-10 (survivorship bias; documented)
CCI,Crown Castle,Real Estate,stock,S&P 500 constituent as of 2026-10 (survivorship bias; documented)
CSX,CSX Corporation,Industrials,stock,S&P 500 constituent as of 2026-10 (survivorship bias; documented)
CMI,Cummins,Industrials,stock,S&P 500 constituent as of 2026-10 (survivorship bias; documented)
CVS,CVS Health,Health Care,stock,S&P 500 constituent as of 2026-10 (survivorship bias; documented)
DHR,Danaher Corporation,Health Care,stock,S&P 500 constituent as of 2026-10 (survivorship bias; documented)
DRI,Darden Restaurants,Consumer Discretionary,stock,S&P 500 constituent as of 2026-10 (survivorship bias; documented)
DDOG,Datadog,Information Technology,stock,S&P 500 constituent as of 2026-10 (survivorship bias; documented)
DVA,DaVita,Health Care,stock,S&P 500 constituent as of 2026-10 (survivorship bias; documented)
DECK,Deckers Brands,Consumer Discretionary,stock,S&P 500 constituent as of 2026-10 (survivorship bias; documented)
DE,Deere & Company,Industrials,stock,S&P 500 constituent as of 2026-10 (survivorship bias; documented)
DELL,Dell Technologies,Information Technology,stock,S&P 500 constituent as of 2026-10 (survivorship bias; documented)
DAL,Delta Air Lines,Industrials,stock,S&P 500 constituent as of 2026-10 (survivorship bias; documented)
DVN,Devon Energy,Energy,stock,S&P 500 constituent as of 2026-10 (survivorship bias; documented)
DXCM,Dexcom,Health Care,stock,S&P 500 constituent as of 2026-10 (survivorship bias; documented)
FANG,Diamondback Energy,Energy,stock,S&P 500 constituent as of 2026-10 (survivorship bias; documented)
DLR,Digital Realty,Real Estate,stock,S&P 500 constituent as of 2026-10 (survivorship bias; documented)
DG,Dollar General,Consumer Staples,stock,S&P 500 constituent as of 2026-10 (survivorship bias; documented)
DLTR,Dollar Tree,Consumer Staples,stock,S&P 500 constituent as of 2026-10 (survivorship bias; documented)
D,Dominion Energy,Utilities,stock,S&P 500 constituent as of 2026-10 (survivorship bias; documented)
DPZ,Domino's,Consumer Discretionary,stock,S&P 500 constituent as of 2026-10 (survivorship bias; documented)
DASH,DoorDash,Consumer Discretionary,stock,S&P 500 constituent as of 2026-10 (survivorship bias; documented)
DOV,Dover Corporation,Industrials,stock,S&P 500 constituent as of 2026-10 (survivorship bias; documented)
DOW,Dow Inc.,Materials,stock,S&P 500 constituent as of 2026-10 (survivorship bias; documented)
DHI,D. R. Horton,Consumer Discretionary,stock,S&P 500 constituent as of 2026-10 (survivorship bias; documented)
DTE,DTE Energy,Utilities,stock,S&P 500 constituent as of 2026-10 (survivorship bias; documented)
DUK,Duke Energy,Utilities,stock,S&P 500 constituent as of 2026-10 (survivorship bias; documented)
DD,DuPont,Industrials,stock,S&P 500 constituent as of 2026-10 (survivorship bias; documented)
ETN,Eaton Corporation,Industrials,stock,S&P 500 constituent as of 2026-10 (survivorship bias; documented)
EBAY,eBay Inc.,Consumer Discretionary,stock,S&P 500 constituent as of 2026-10 (survivorship bias; documented)
ECHO,EchoStar,Communication Services,stock,S&P 500 constituent as of 2026-10 (survivorship bias; documented)
ECL,Ecolab,Materials,stock,S&P 500 constituent as of 2026-10 (survivorship bias; documented)
EIX,Edison International,Utilities,stock,S&P 500 constituent as of 2026-10 (survivorship bias; documented)
EW,Edwards Lifesciences,Health Care,stock,S&P 500 constituent as of 2026-10 (survivorship bias; documented)
ELV,Elevance Health,Health Care,stock,S&P 500 constituent as of 2026-10 (survivorship bias; documented)
EME,Emcor,Industrials,stock,S&P 500 constituent as of 2026-10 (survivorship bias; documented)
EMR,Emerson Electric,Industrials,stock,S&P 500 constituent as of 2026-10 (survivorship bias; documented)
ETR,Entergy,Utilities,stock,S&P 500 constituent as of 2026-10 (survivorship bias; documented)
EOG,EOG Resources,Energy,stock,S&P 500 constituent as of 2026-10 (survivorship bias; documented)
EQT,EQT Corporation,Energy,stock,S&P 500 constituent as of 2026-10 (survivorship bias; documented)
EFX,Equifax,Industrials,stock,S&P 500 constituent as of 2026-10 (survivorship bias; documented)
EQIX,Equinix,Real Estate,stock,S&P 500 constituent as of 2026-10 (survivorship bias; documented)
ERIE,Erie Indemnity,Financials,stock,S&P 500 constituent as of 2026-10 (survivorship bias; documented)
ESS,Essex Property Trust,Real Estate,stock,S&P 500 constituent as of 2026-10 (survivorship bias; documented)
EL,Estée Lauder Companies (The),Consumer Staples,stock,S&P 500 constituent as of 2026-10 (survivorship bias; documented)
EG,Everest Group,Financials,stock,S&P 500 constituent as of 2026-10 (survivorship bias; documented)
EVRG,Evergy,Utilities,stock,S&P 500 constituent as of 2026-10 (survivorship bias; documented)
P,Everpure,Information Technology,stock,S&P 500 constituent as of 2026-10 (survivorship bias; documented)
ES,Eversource Energy,Utilities,stock,S&P 500 constituent as of 2026-10 (survivorship bias; documented)
EXC,Exelon,Utilities,stock,S&P 500 constituent as of 2026-10 (survivorship bias; documented)
EXE,Expand Energy,Energy,stock,S&P 500 constituent as of 2026-10 (survivorship bias; documented)
EXPE,Expedia Group,Consumer Discretionary,stock,S&P 500 constituent as of 2026-10 (survivorship bias; documented)
EXPD,Expeditors International,Industrials,stock,S&P 500 constituent as of 2026-10 (survivorship bias; documented)
EXR,Extra Space Storage,Real Estate,stock,S&P 500 constituent as of 2026-10 (survivorship bias; documented)
XOM,ExxonMobil,Energy,stock,S&P 500 constituent as of 2026-10 (survivorship bias; documented)
FFIV,F5  Inc.,Information Technology,stock,S&P 500 constituent as of 2026-10 (survivorship bias; documented)
FDS,FactSet,Financials,stock,S&P 500 constituent as of 2026-10 (survivorship bias; documented)
FICO,Fair Isaac,Information Technology,stock,S&P 500 constituent as of 2026-10 (survivorship bias; documented)
FAST,Fastenal,Industrials,stock,S&P 500 constituent as of 2026-10 (survivorship bias; documented)
FRT,Federal Realty Investment Trust,Real Estate,stock,S&P 500 constituent as of 2026-10 (survivorship bias; documented)
FDX,FedEx,Industrials,stock,S&P 500 constituent as of 2026-10 (survivorship bias; documented)
FDXF,FedEx Freight,Industrials,stock,S&P 500 constituent as of 2026-10 (survivorship bias; documented)
FERG,Ferguson Enterprises,Industrials,stock,S&P 500 constituent as of 2026-10 (survivorship bias; documented)
FIS,Fidelity National Information Services,Financials,stock,S&P 500 constituent as of 2026-10 (survivorship bias; documented)
FITB,Fifth Third Bancorp,Financials,stock,S&P 500 constituent as of 2026-10 (survivorship bias; documented)
FSLR,First Solar,Information Technology,stock,S&P 500 constituent as of 2026-10 (survivorship bias; documented)
FE,FirstEnergy,Utilities,stock,S&P 500 constituent as of 2026-10 (survivorship bias; documented)
FISV,Fiserv,Financials,stock,S&P 500 constituent as of 2026-10 (survivorship bias; documented)
FLEX,Flex Ltd.,Information Technology,stock,S&P 500 constituent as of 2026-10 (survivorship bias; documented)
F,Ford Motor Company,Consumer Discretionary,stock,S&P 500 constituent as of 2026-10 (survivorship bias; documented)
FTNT,Fortinet,Information Technology,stock,S&P 500 constituent as of 2026-10 (survivorship bias; documented)
FTV,Fortive,Industrials,stock,S&P 500 constituent as of 2026-10 (survivorship bias; documented)
FOXA,Fox Corporation (Class A),Communication Services,stock,S&P 500 constituent as of 2026-10 (survivorship bias; documented)
FOX,Fox Corporation (Class B),Communication Services,stock,S&P 500 constituent as of 2026-10 (survivorship bias; documented)
BEN,Franklin Resources,Financials,stock,S&P 500 constituent as of 2026-10 (survivorship bias; documented)
FCX,Freeport-McMoRan,Materials,stock,S&P 500 constituent as of 2026-10 (survivorship bias; documented)
GRMN,Garmin,Consumer Discretionary,stock,S&P 500 constituent as of 2026-10 (survivorship bias; documented)
IT,Gartner,Information Technology,stock,S&P 500 constituent as of 2026-10 (survivorship bias; documented)
GE,GE Aerospace,Industrials,stock,S&P 500 constituent as of 2026-10 (survivorship bias; documented)
GEHC,GE HealthCare,Health Care,stock,S&P 500 constituent as of 2026-10 (survivorship bias; documented)
GEV,GE Vernova,Industrials,stock,S&P 500 constituent as of 2026-10 (survivorship bias; documented)
GEN,Gen Digital,Information Technology,stock,S&P 500 constituent as of 2026-10 (survivorship bias; documented)
GNRC,Generac,Industrials,stock,S&P 500 constituent as of 2026-10 (survivorship bias; documented)
GD,General Dynamics,Industrials,stock,S&P 500 constituent as of 2026-10 (survivorship bias; documented)
GIS,General Mills,Consumer Staples,stock,S&P 500 constituent as of 2026-10 (survivorship bias; documented)
GM,General Motors,Consumer Discretionary,stock,S&P 500 constituent as of 2026-10 (survivorship bias; documented)
GPC,Genuine Parts Company,Consumer Discretionary,stock,S&P 500 constituent as of 2026-10 (survivorship bias; documented)
GILD,Gilead Sciences,Health Care,stock,S&P 500 constituent as of 2026-10 (survivorship bias; documented)
GPN,Global Payments,Financials,stock,S&P 500 constituent as of 2026-10 (survivorship bias; documented)
GL,Globe Life,Financials,stock,S&P 500 constituent as of 2026-10 (survivorship bias; documented)
GDDY,GoDaddy,Information Technology,stock,S&P 500 constituent as of 2026-10 (survivorship bias; documented)
GS,Goldman Sachs,Financials,stock,S&P 500 constituent as of 2026-10 (survivorship bias; documented)
HAL,Halliburton,Energy,stock,S&P 500 constituent as of 2026-10 (survivorship bias; documented)
HIG,Hartford (The),Financials,stock,S&P 500 constituent as of 2026-10 (survivorship bias; documented)
HAS,Hasbro,Consumer Discretionary,stock,S&P 500 constituent as of 2026-10 (survivorship bias; documented)
HCA,HCA Healthcare,Health Care,stock,S&P 500 constituent as of 2026-10 (survivorship bias; documented)
DOC,Healthpeak Properties,Real Estate,stock,S&P 500 constituent as of 2026-10 (survivorship bias; documented)
HSIC,Henry Schein,Health Care,stock,S&P 500 constituent as of 2026-10 (survivorship bias; documented)
HSY,Hershey Company (The),Consumer Staples,stock,S&P 500 constituent as of 2026-10 (survivorship bias; documented)
HPE,Hewlett Packard Enterprise,Information Technology,stock,S&P 500 constituent as of 2026-10 (survivorship bias; documented)
HLT,Hilton Worldwide,Consumer Discretionary,stock,S&P 500 constituent as of 2026-10 (survivorship bias; documented)
HD,Home Depot (The),Consumer Discretionary,stock,S&P 500 constituent as of 2026-10 (survivorship bias; documented)
HONA,Honeywell Aerospace,Industrials,stock,S&P 500 constituent as of 2026-10 (survivorship bias; documented)
HON,Honeywell Technologies,Industrials,stock,S&P 500 constituent as of 2026-10 (survivorship bias; documented)
HRL,Hormel Foods,Consumer Staples,stock,S&P 500 constituent as of 2026-10 (survivorship bias; documented)
HST,Host Hotels & Resorts,Real Estate,stock,S&P 500 constituent as of 2026-10 (survivorship bias; documented)
HWM,Howmet Aerospace,Industrials,stock,S&P 500 constituent as of 2026-10 (survivorship bias; documented)
HPQ,HP Inc.,Information Technology,stock,S&P 500 constituent as of 2026-10 (survivorship bias; documented)
HUBB,Hubbell Incorporated,Industrials,stock,S&P 500 constituent as of 2026-10 (survivorship bias; documented)
HUM,Humana,Health Care,stock,S&P 500 constituent as of 2026-10 (survivorship bias; documented)
HBAN,Huntington Bancshares,Financials,stock,S&P 500 constituent as of 2026-10 (survivorship bias; documented)
HII,Huntington Ingalls Industries,Industrials,stock,S&P 500 constituent as of 2026-10 (survivorship bias; documented)
IBM,IBM,Information Technology,stock,S&P 500 constituent as of 2026-10 (survivorship bias; documented)
IEX,IDEX Corporation,Industrials,stock,S&P 500 constituent as of 2026-10 (survivorship bias; documented)
IDXX,Idexx Laboratories,Health Care,stock,S&P 500 constituent as of 2026-10 (survivorship bias; documented)
ITW,Illinois Tool Works,Industrials,stock,S&P 500 constituent as of 2026-10 (survivorship bias; documented)
ILMN,Illumina  Inc.,Health Care,stock,S&P 500 constituent as of 2026-10 (survivorship bias; documented)
INCY,Incyte,Health Care,stock,S&P 500 constituent as of 2026-10 (survivorship bias; documented)
IR,Ingersoll Rand,Industrials,stock,S&P 500 constituent as of 2026-10 (survivorship bias; documented)
PODD,Insulet Corporation,Health Care,stock,S&P 500 constituent as of 2026-10 (survivorship bias; documented)
INTC,Intel,Information Technology,stock,S&P 500 constituent as of 2026-10 (survivorship bias; documented)
IBKR,Interactive Brokers,Financials,stock,S&P 500 constituent as of 2026-10 (survivorship bias; documented)
ICE,Intercontinental Exchange,Financials,stock,S&P 500 constituent as of 2026-10 (survivorship bias; documented)
IFF,International Flavors & Fragrances,Materials,stock,S&P 500 constituent as of 2026-10 (survivorship bias; documented)
IP,International Paper,Materials,stock,S&P 500 constituent as of 2026-10 (survivorship bias; documented)
INTU,Intuit,Information Technology,stock,S&P 500 constituent as of 2026-10 (survivorship bias; documented)
ISRG,Intuitive Surgical,Health Care,stock,S&P 500 constituent as of 2026-10 (survivorship bias; documented)
IVZ,Invesco,Financials,stock,S&P 500 constituent as of 2026-10 (survivorship bias; documented)
INVH,Invitation Homes,Real Estate,stock,S&P 500 constituent as of 2026-10 (survivorship bias; documented)
IQV,IQVIA,Health Care,stock,S&P 500 constituent as of 2026-10 (survivorship bias; documented)
IRM,Iron Mountain,Real Estate,stock,S&P 500 constituent as of 2026-10 (survivorship bias; documented)
JBHT,J.B. Hunt,Industrials,stock,S&P 500 constituent as of 2026-10 (survivorship bias; documented)
JBL,Jabil,Information Technology,stock,S&P 500 constituent as of 2026-10 (survivorship bias; documented)
JKHY,Jack Henry & Associates,Financials,stock,S&P 500 constituent as of 2026-10 (survivorship bias; documented)
J,Jacobs Solutions,Industrials,stock,S&P 500 constituent as of 2026-10 (survivorship bias; documented)
JNJ,Johnson & Johnson,Health Care,stock,S&P 500 constituent as of 2026-10 (survivorship bias; documented)
JCI,Johnson Controls,Industrials,stock,S&P 500 constituent as of 2026-10 (survivorship bias; documented)
JPM,JPMorgan Chase,Financials,stock,S&P 500 constituent as of 2026-10 (survivorship bias; documented)
KVUE,Kenvue,Consumer Staples,stock,S&P 500 constituent as of 2026-10 (survivorship bias; documented)
KDP,Keurig Dr Pepper,Consumer Staples,stock,S&P 500 constituent as of 2026-10 (survivorship bias; documented)
KEY,KeyCorp,Financials,stock,S&P 500 constituent as of 2026-10 (survivorship bias; documented)
KEYS,Keysight Technologies,Information Technology,stock,S&P 500 constituent as of 2026-10 (survivorship bias; documented)
KMB,Kimberly-Clark,Consumer Staples,stock,S&P 500 constituent as of 2026-10 (survivorship bias; documented)
KIM,Kimco Realty,Real Estate,stock,S&P 500 constituent as of 2026-10 (survivorship bias; documented)
KMI,Kinder Morgan,Energy,stock,S&P 500 constituent as of 2026-10 (survivorship bias; documented)
KKR,KKR & Co.,Financials,stock,S&P 500 constituent as of 2026-10 (survivorship bias; documented)
KLAC,KLA Corporation,Information Technology,stock,S&P 500 constituent as of 2026-10 (survivorship bias; documented)
KHC,Kraft Heinz,Consumer Staples,stock,S&P 500 constituent as of 2026-10 (survivorship bias; documented)
KR,Kroger,Consumer Staples,stock,S&P 500 constituent as of 2026-10 (survivorship bias; documented)
LHX,L3Harris,Industrials,stock,S&P 500 constituent as of 2026-10 (survivorship bias; documented)
LH,Labcorp,Health Care,stock,S&P 500 constituent as of 2026-10 (survivorship bias; documented)
LRCX,Lam Research,Information Technology,stock,S&P 500 constituent as of 2026-10 (survivorship bias; documented)
LVS,Las Vegas Sands,Consumer Discretionary,stock,S&P 500 constituent as of 2026-10 (survivorship bias; documented)
LDOS,Leidos,Industrials,stock,S&P 500 constituent as of 2026-10 (survivorship bias; documented)
LEN,Lennar,Consumer Discretionary,stock,S&P 500 constituent as of 2026-10 (survivorship bias; documented)
LII,Lennox International,Industrials,stock,S&P 500 constituent as of 2026-10 (survivorship bias; documented)
LLY,Lilly (Eli),Health Care,stock,S&P 500 constituent as of 2026-10 (survivorship bias; documented)
LIN,Linde plc,Materials,stock,S&P 500 constituent as of 2026-10 (survivorship bias; documented)
LYV,Live Nation Entertainment,Communication Services,stock,S&P 500 constituent as of 2026-10 (survivorship bias; documented)
LMT,Lockheed Martin,Industrials,stock,S&P 500 constituent as of 2026-10 (survivorship bias; documented)
L,Loews Corporation,Financials,stock,S&P 500 constituent as of 2026-10 (survivorship bias; documented)
LOW,Lowe's,Consumer Discretionary,stock,S&P 500 constituent as of 2026-10 (survivorship bias; documented)
LULU,Lululemon Athletica,Consumer Discretionary,stock,S&P 500 constituent as of 2026-10 (survivorship bias; documented)
LITE,Lumentum,Information Technology,stock,S&P 500 constituent as of 2026-10 (survivorship bias; documented)
LYB,LyondellBasell,Materials,stock,S&P 500 constituent as of 2026-10 (survivorship bias; documented)
MTB,M&T Bank,Financials,stock,S&P 500 constituent as of 2026-10 (survivorship bias; documented)
MPC,Marathon Petroleum,Energy,stock,S&P 500 constituent as of 2026-10 (survivorship bias; documented)
MAR,Marriott International,Consumer Discretionary,stock,S&P 500 constituent as of 2026-10 (survivorship bias; documented)
MRSH,Marsh McLennan,Financials,stock,S&P 500 constituent as of 2026-10 (survivorship bias; documented)
MLM,Martin Marietta Materials,Materials,stock,S&P 500 constituent as of 2026-10 (survivorship bias; documented)
MRVL,Marvell Technology,Information Technology,stock,S&P 500 constituent as of 2026-10 (survivorship bias; documented)
MAS,Masco,Industrials,stock,S&P 500 constituent as of 2026-10 (survivorship bias; documented)
MA,Mastercard,Financials,stock,S&P 500 constituent as of 2026-10 (survivorship bias; documented)
MKC,McCormick & Company,Consumer Staples,stock,S&P 500 constituent as of 2026-10 (survivorship bias; documented)
MCD,McDonald's,Consumer Discretionary,stock,S&P 500 constituent as of 2026-10 (survivorship bias; documented)
MCK,McKesson Corporation,Health Care,stock,S&P 500 constituent as of 2026-10 (survivorship bias; documented)
MDT,Medtronic,Health Care,stock,S&P 500 constituent as of 2026-10 (survivorship bias; documented)
MRK,Merck & Co.,Health Care,stock,S&P 500 constituent as of 2026-10 (survivorship bias; documented)
META,Meta Platforms,Communication Services,stock,S&P 500 constituent as of 2026-10 (survivorship bias; documented)
MET,MetLife,Financials,stock,S&P 500 constituent as of 2026-10 (survivorship bias; documented)
MTD,Mettler Toledo,Health Care,stock,S&P 500 constituent as of 2026-10 (survivorship bias; documented)
MGM,MGM Resorts,Consumer Discretionary,stock,S&P 500 constituent as of 2026-10 (survivorship bias; documented)
MCHP,Microchip Technology,Information Technology,stock,S&P 500 constituent as of 2026-10 (survivorship bias; documented)
MU,Micron Technology,Information Technology,stock,S&P 500 constituent as of 2026-10 (survivorship bias; documented)
MSFT,Microsoft,Information Technology,stock,S&P 500 constituent as of 2026-10 (survivorship bias; documented)
MAA,Mid-America Apartment Communities,Real Estate,stock,S&P 500 constituent as of 2026-10 (survivorship bias; documented)
MRNA,Moderna,Health Care,stock,S&P 500 constituent as of 2026-10 (survivorship bias; documented)
MDLZ,Mondelez International,Consumer Staples,stock,S&P 500 constituent as of 2026-10 (survivorship bias; documented)
MPWR,Monolithic Power Systems,Information Technology,stock,S&P 500 constituent as of 2026-10 (survivorship bias; documented)
MNST,Monster Beverage,Consumer Staples,stock,S&P 500 constituent as of 2026-10 (survivorship bias; documented)
MCO,Moody's Corporation,Financials,stock,S&P 500 constituent as of 2026-10 (survivorship bias; documented)
MS,Morgan Stanley,Financials,stock,S&P 500 constituent as of 2026-10 (survivorship bias; documented)
MOS,Mosaic Company (The),Materials,stock,S&P 500 constituent as of 2026-10 (survivorship bias; documented)
MSI,Motorola Solutions,Information Technology,stock,S&P 500 constituent as of 2026-10 (survivorship bias; documented)
MSCI,MSCI,Financials,stock,S&P 500 constituent as of 2026-10 (survivorship bias; documented)
NDAQ,Nasdaq  Inc.,Financials,stock,S&P 500 constituent as of 2026-10 (survivorship bias; documented)
NTAP,NetApp,Information Technology,stock,S&P 500 constituent as of 2026-10 (survivorship bias; documented)
NFLX,Netflix,Communication Services,stock,S&P 500 constituent as of 2026-10 (survivorship bias; documented)
NEM,Newmont,Materials,stock,S&P 500 constituent as of 2026-10 (survivorship bias; documented)
NWSA,News Corp (Class A),Communication Services,stock,S&P 500 constituent as of 2026-10 (survivorship bias; documented)
NWS,News Corp (Class B),Communication Services,stock,S&P 500 constituent as of 2026-10 (survivorship bias; documented)
NEE,NextEra Energy,Utilities,stock,S&P 500 constituent as of 2026-10 (survivorship bias; documented)
NKE,Nike  Inc.,Consumer Discretionary,stock,S&P 500 constituent as of 2026-10 (survivorship bias; documented)
NI,NiSource,Utilities,stock,S&P 500 constituent as of 2026-10 (survivorship bias; documented)
NDSN,Nordson Corporation,Industrials,stock,S&P 500 constituent as of 2026-10 (survivorship bias; documented)
NSC,Norfolk Southern,Industrials,stock,S&P 500 constituent as of 2026-10 (survivorship bias; documented)
NTRS,Northern Trust,Financials,stock,S&P 500 constituent as of 2026-10 (survivorship bias; documented)
NOC,Northrop Grumman,Industrials,stock,S&P 500 constituent as of 2026-10 (survivorship bias; documented)
NCLH,Norwegian Cruise Line Holdings,Consumer Discretionary,stock,S&P 500 constituent as of 2026-10 (survivorship bias; documented)
NRG,NRG Energy,Utilities,stock,S&P 500 constituent as of 2026-10 (survivorship bias; documented)
NUE,Nucor,Materials,stock,S&P 500 constituent as of 2026-10 (survivorship bias; documented)
NVDA,Nvidia,Information Technology,stock,S&P 500 constituent as of 2026-10 (survivorship bias; documented)
NVR,NVR  Inc.,Consumer Discretionary,stock,S&P 500 constituent as of 2026-10 (survivorship bias; documented)
NXPI,NXP Semiconductors,Information Technology,stock,S&P 500 constituent as of 2026-10 (survivorship bias; documented)
ORLY,O'Reilly Automotive,Consumer Discretionary,stock,S&P 500 constituent as of 2026-10 (survivorship bias; documented)
OXY,Occidental Petroleum,Energy,stock,S&P 500 constituent as of 2026-10 (survivorship bias; documented)
ODFL,Old Dominion,Industrials,stock,S&P 500 constituent as of 2026-10 (survivorship bias; documented)
OMC,Omnicom Group,Communication Services,stock,S&P 500 constituent as of 2026-10 (survivorship bias; documented)
ON,ON Semiconductor,Information Technology,stock,S&P 500 constituent as of 2026-10 (survivorship bias; documented)
OKE,Oneok,Energy,stock,S&P 500 constituent as of 2026-10 (survivorship bias; documented)
ORCL,Oracle Corporation,Information Technology,stock,S&P 500 constituent as of 2026-10 (survivorship bias; documented)
OTIS,Otis Worldwide,Industrials,stock,S&P 500 constituent as of 2026-10 (survivorship bias; documented)
PCAR,Paccar,Industrials,stock,S&P 500 constituent as of 2026-10 (survivorship bias; documented)
PKG,Packaging Corporation of America,Materials,stock,S&P 500 constituent as of 2026-10 (survivorship bias; documented)
PLTR,Palantir Technologies,Information Technology,stock,S&P 500 constituent as of 2026-10 (survivorship bias; documented)
PANW,Palo Alto Networks,Information Technology,stock,S&P 500 constituent as of 2026-10 (survivorship bias; documented)
PSKY,Paramount Skydance Corporation,Communication Services,stock,S&P 500 constituent as of 2026-10 (survivorship bias; documented)
PH,Parker Hannifin,Industrials,stock,S&P 500 constituent as of 2026-10 (survivorship bias; documented)
PAYX,Paychex,Industrials,stock,S&P 500 constituent as of 2026-10 (survivorship bias; documented)
PYPL,PayPal,Financials,stock,S&P 500 constituent as of 2026-10 (survivorship bias; documented)
PNR,Pentair,Industrials,stock,S&P 500 constituent as of 2026-10 (survivorship bias; documented)
PEP,PepsiCo,Consumer Staples,stock,S&P 500 constituent as of 2026-10 (survivorship bias; documented)
PFE,Pfizer,Health Care,stock,S&P 500 constituent as of 2026-10 (survivorship bias; documented)
PCG,PG&E Corporation,Utilities,stock,S&P 500 constituent as of 2026-10 (survivorship bias; documented)
PM,Philip Morris International,Consumer Staples,stock,S&P 500 constituent as of 2026-10 (survivorship bias; documented)
PSX,Phillips 66,Energy,stock,S&P 500 constituent as of 2026-10 (survivorship bias; documented)
PNW,Pinnacle West Capital,Utilities,stock,S&P 500 constituent as of 2026-10 (survivorship bias; documented)
PNC,PNC Financial Services,Financials,stock,S&P 500 constituent as of 2026-10 (survivorship bias; documented)
PPG,PPG Industries,Materials,stock,S&P 500 constituent as of 2026-10 (survivorship bias; documented)
PPL,PPL Corporation,Utilities,stock,S&P 500 constituent as of 2026-10 (survivorship bias; documented)
PFG,Principal Financial Group,Financials,stock,S&P 500 constituent as of 2026-10 (survivorship bias; documented)
PG,Procter & Gamble,Consumer Staples,stock,S&P 500 constituent as of 2026-10 (survivorship bias; documented)
PGR,Progressive Corporation,Financials,stock,S&P 500 constituent as of 2026-10 (survivorship bias; documented)
PLD,Prologis,Real Estate,stock,S&P 500 constituent as of 2026-10 (survivorship bias; documented)
PRU,Prudential Financial,Financials,stock,S&P 500 constituent as of 2026-10 (survivorship bias; documented)
PEG,Public Service Enterprise Group,Utilities,stock,S&P 500 constituent as of 2026-10 (survivorship bias; documented)
PTC,PTC Inc.,Information Technology,stock,S&P 500 constituent as of 2026-10 (survivorship bias; documented)
PSA,Public Storage,Real Estate,stock,S&P 500 constituent as of 2026-10 (survivorship bias; documented)
PHM,PulteGroup,Consumer Discretionary,stock,S&P 500 constituent as of 2026-10 (survivorship bias; documented)
PWR,Quanta Services,Industrials,stock,S&P 500 constituent as of 2026-10 (survivorship bias; documented)
QCOM,Qualcomm,Information Technology,stock,S&P 500 constituent as of 2026-10 (survivorship bias; documented)
DGX,Quest Diagnostics,Health Care,stock,S&P 500 constituent as of 2026-10 (survivorship bias; documented)
Q,Qnity Electronics,Information Technology,stock,S&P 500 constituent as of 2026-10 (survivorship bias; documented)
RL,Ralph Lauren Corporation,Consumer Discretionary,stock,S&P 500 constituent as of 2026-10 (survivorship bias; documented)
RJF,Raymond James Financial,Financials,stock,S&P 500 constituent as of 2026-10 (survivorship bias; documented)
RDDT,Reddit,Communication Services,stock,S&P 500 constituent as of 2026-10 (survivorship bias; documented)
RTX,RTX Corporation,Industrials,stock,S&P 500 constituent as of 2026-10 (survivorship bias; documented)
O,Realty Income,Real Estate,stock,S&P 500 constituent as of 2026-10 (survivorship bias; documented)
REG,Regency Centers,Real Estate,stock,S&P 500 constituent as of 2026-10 (survivorship bias; documented)
REGN,Regeneron Pharmaceuticals,Health Care,stock,S&P 500 constituent as of 2026-10 (survivorship bias; documented)
RF,Regions Financial Corporation,Financials,stock,S&P 500 constituent as of 2026-10 (survivorship bias; documented)
RSG,Republic Services,Industrials,stock,S&P 500 constituent as of 2026-10 (survivorship bias; documented)
RMD,ResMed|,Health Care,stock,S&P 500 constituent as of 2026-10 (survivorship bias; documented)
RVTY,Revvity,Health Care,stock,S&P 500 constituent as of 2026-10 (survivorship bias; documented)
HOOD,Robinhood Markets,Financials,stock,S&P 500 constituent as of 2026-10 (survivorship bias; documented)
ROK,Rockwell Automation,Industrials,stock,S&P 500 constituent as of 2026-10 (survivorship bias; documented)
ROL,Rollins  Inc.,Industrials,stock,S&P 500 constituent as of 2026-10 (survivorship bias; documented)
ROP,Roper Technologies,Information Technology,stock,S&P 500 constituent as of 2026-10 (survivorship bias; documented)
ROST,Ross Stores,Consumer Discretionary,stock,S&P 500 constituent as of 2026-10 (survivorship bias; documented)
RCL,Royal Caribbean Group,Consumer Discretionary,stock,S&P 500 constituent as of 2026-10 (survivorship bias; documented)
SPGI,S&P Global,Financials,stock,S&P 500 constituent as of 2026-10 (survivorship bias; documented)
CRM,Salesforce,Information Technology,stock,S&P 500 constituent as of 2026-10 (survivorship bias; documented)
SNDK,Sandisk,Information Technology,stock,S&P 500 constituent as of 2026-10 (survivorship bias; documented)
SBAC,SBA Communications,Real Estate,stock,S&P 500 constituent as of 2026-10 (survivorship bias; documented)
SLB,Schlumberger,Energy,stock,S&P 500 constituent as of 2026-10 (survivorship bias; documented)
STX,Seagate Technology,Information Technology,stock,S&P 500 constituent as of 2026-10 (survivorship bias; documented)
SRE,Sempra,Utilities,stock,S&P 500 constituent as of 2026-10 (survivorship bias; documented)
NOW,ServiceNow,Information Technology,stock,S&P 500 constituent as of 2026-10 (survivorship bias; documented)
SHW,Sherwin-Williams,Materials,stock,S&P 500 constituent as of 2026-10 (survivorship bias; documented)
SPG,Simon Property Group,Real Estate,stock,S&P 500 constituent as of 2026-10 (survivorship bias; documented)
SWKS,Skyworks Solutions,Information Technology,stock,S&P 500 constituent as of 2026-10 (survivorship bias; documented)
SJM,J.M. Smucker Company (The),Consumer Staples,stock,S&P 500 constituent as of 2026-10 (survivorship bias; documented)
SW,Smurfit Westrock,Materials,stock,S&P 500 constituent as of 2026-10 (survivorship bias; documented)
SNA,Snap-on,Industrials,stock,S&P 500 constituent as of 2026-10 (survivorship bias; documented)
SOLV,Solventum,Health Care,stock,S&P 500 constituent as of 2026-10 (survivorship bias; documented)
SO,Southern Company,Utilities,stock,S&P 500 constituent as of 2026-10 (survivorship bias; documented)
LUV,Southwest Airlines,Industrials,stock,S&P 500 constituent as of 2026-10 (survivorship bias; documented)
SWK,Stanley Black & Decker,Industrials,stock,S&P 500 constituent as of 2026-10 (survivorship bias; documented)
SBUX,Starbucks,Consumer Discretionary,stock,S&P 500 constituent as of 2026-10 (survivorship bias; documented)
STT,State Street Corporation,Financials,stock,S&P 500 constituent as of 2026-10 (survivorship bias; documented)
STLD,Steel Dynamics,Materials,stock,S&P 500 constituent as of 2026-10 (survivorship bias; documented)
STE,Steris,Health Care,stock,S&P 500 constituent as of 2026-10 (survivorship bias; documented)
SYK,Stryker Corporation,Health Care,stock,S&P 500 constituent as of 2026-10 (survivorship bias; documented)
SMCI,Supermicro,Information Technology,stock,S&P 500 constituent as of 2026-10 (survivorship bias; documented)
SYF,Synchrony Financial,Financials,stock,S&P 500 constituent as of 2026-10 (survivorship bias; documented)
SNPS,Synopsys,Information Technology,stock,S&P 500 constituent as of 2026-10 (survivorship bias; documented)
SYY,Sysco,Consumer Staples,stock,S&P 500 constituent as of 2026-10 (survivorship bias; documented)
TMUS,T-Mobile US,Communication Services,stock,S&P 500 constituent as of 2026-10 (survivorship bias; documented)
TROW,T. Rowe Price,Financials,stock,S&P 500 constituent as of 2026-10 (survivorship bias; documented)
TTWO,Take-Two Interactive,Communication Services,stock,S&P 500 constituent as of 2026-10 (survivorship bias; documented)
TPR,Tapestry  Inc.,Consumer Discretionary,stock,S&P 500 constituent as of 2026-10 (survivorship bias; documented)
TRGP,Targa Resources,Energy,stock,S&P 500 constituent as of 2026-10 (survivorship bias; documented)
TGT,Target Corporation,Consumer Staples,stock,S&P 500 constituent as of 2026-10 (survivorship bias; documented)
TEL,TE Connectivity,Information Technology,stock,S&P 500 constituent as of 2026-10 (survivorship bias; documented)
TDY,Teledyne Technologies,Information Technology,stock,S&P 500 constituent as of 2026-10 (survivorship bias; documented)
TER,Teradyne,Information Technology,stock,S&P 500 constituent as of 2026-10 (survivorship bias; documented)
TSLA,Tesla  Inc.,Consumer Discretionary,stock,S&P 500 constituent as of 2026-10 (survivorship bias; documented)
TXN,Texas Instruments,Information Technology,stock,S&P 500 constituent as of 2026-10 (survivorship bias; documented)
TPL,Texas Pacific Land Corporation,Energy,stock,S&P 500 constituent as of 2026-10 (survivorship bias; documented)
TXT,Textron,Industrials,stock,S&P 500 constituent as of 2026-10 (survivorship bias; documented)
TMO,Thermo Fisher Scientific,Health Care,stock,S&P 500 constituent as of 2026-10 (survivorship bias; documented)
TJX,TJX Companies,Consumer Discretionary,stock,S&P 500 constituent as of 2026-10 (survivorship bias; documented)
TKO,TKO Group Holdings,Communication Services,stock,S&P 500 constituent as of 2026-10 (survivorship bias; documented)
TSCO,Tractor Supply,Consumer Discretionary,stock,S&P 500 constituent as of 2026-10 (survivorship bias; documented)
TT,Trane Technologies,Industrials,stock,S&P 500 constituent as of 2026-10 (survivorship bias; documented)
TDG,TransDigm Group,Industrials,stock,S&P 500 constituent as of 2026-10 (survivorship bias; documented)
TRV,Travelers Companies (The),Financials,stock,S&P 500 constituent as of 2026-10 (survivorship bias; documented)
TRMB,Trimble Inc.,Information Technology,stock,S&P 500 constituent as of 2026-10 (survivorship bias; documented)
TFC,Truist Financial,Financials,stock,S&P 500 constituent as of 2026-10 (survivorship bias; documented)
TWLO,Twilio,Information Technology,stock,S&P 500 constituent as of 2026-10 (survivorship bias; documented)
TYL,Tyler Technologies,Information Technology,stock,S&P 500 constituent as of 2026-10 (survivorship bias; documented)
TSN,Tyson Foods,Consumer Staples,stock,S&P 500 constituent as of 2026-10 (survivorship bias; documented)
USB,U.S. Bancorp,Financials,stock,S&P 500 constituent as of 2026-10 (survivorship bias; documented)
UBER,Uber,Industrials,stock,S&P 500 constituent as of 2026-10 (survivorship bias; documented)
UDR,UDR  Inc.,Real Estate,stock,S&P 500 constituent as of 2026-10 (survivorship bias; documented)
ULTA,Ulta Beauty,Consumer Discretionary,stock,S&P 500 constituent as of 2026-10 (survivorship bias; documented)
UNP,Union Pacific Corporation,Industrials,stock,S&P 500 constituent as of 2026-10 (survivorship bias; documented)
UAL,United Airlines Holdings,Industrials,stock,S&P 500 constituent as of 2026-10 (survivorship bias; documented)
UPS,United Parcel Service,Industrials,stock,S&P 500 constituent as of 2026-10 (survivorship bias; documented)
URI,United Rentals,Industrials,stock,S&P 500 constituent as of 2026-10 (survivorship bias; documented)
UNH,UnitedHealth Group,Health Care,stock,S&P 500 constituent as of 2026-10 (survivorship bias; documented)
UHS,Universal Health Services,Health Care,stock,S&P 500 constituent as of 2026-10 (survivorship bias; documented)
VLO,Valero Energy,Energy,stock,S&P 500 constituent as of 2026-10 (survivorship bias; documented)
VEEV,Veeva Systems,Health Care,stock,S&P 500 constituent as of 2026-10 (survivorship bias; documented)
VTR,Ventas,Real Estate,stock,S&P 500 constituent as of 2026-10 (survivorship bias; documented)
VLTO,Veralto,Industrials,stock,S&P 500 constituent as of 2026-10 (survivorship bias; documented)
VRSN,Verisign,Information Technology,stock,S&P 500 constituent as of 2026-10 (survivorship bias; documented)
VRSK,Verisk Analytics,Industrials,stock,S&P 500 constituent as of 2026-10 (survivorship bias; documented)
VZ,Verizon,Communication Services,stock,S&P 500 constituent as of 2026-10 (survivorship bias; documented)
VRTX,Vertex Pharmaceuticals,Health Care,stock,S&P 500 constituent as of 2026-10 (survivorship bias; documented)
VRT,Vertiv,Industrials,stock,S&P 500 constituent as of 2026-10 (survivorship bias; documented)
VTRS,Viatris,Health Care,stock,S&P 500 constituent as of 2026-10 (survivorship bias; documented)
VICI,Vici Properties,Real Estate,stock,S&P 500 constituent as of 2026-10 (survivorship bias; documented)
V,Visa Inc.,Financials,stock,S&P 500 constituent as of 2026-10 (survivorship bias; documented)
VST,Vistra Corp.,Utilities,stock,S&P 500 constituent as of 2026-10 (survivorship bias; documented)
VMRK,Vivmark Residential,Real Estate,stock,S&P 500 constituent as of 2026-10 (survivorship bias; documented)
VMC,Vulcan Materials Company,Materials,stock,S&P 500 constituent as of 2026-10 (survivorship bias; documented)
VYLR,Vylor,Consumer Staples,stock,S&P 500 constituent as of 2026-10 (survivorship bias; documented)
WRB,W. R. Berkley Corporation,Financials,stock,S&P 500 constituent as of 2026-10 (survivorship bias; documented)
GWW,W. W. Grainger,Industrials,stock,S&P 500 constituent as of 2026-10 (survivorship bias; documented)
WAB,Wabtec,Industrials,stock,S&P 500 constituent as of 2026-10 (survivorship bias; documented)
WMT,Walmart,Consumer Staples,stock,S&P 500 constituent as of 2026-10 (survivorship bias; documented)
DIS,Walt Disney Company (The),Communication Services,stock,S&P 500 constituent as of 2026-10 (survivorship bias; documented)
WM,Waste Management,Industrials,stock,S&P 500 constituent as of 2026-10 (survivorship bias; documented)
WAT,Waters Corporation,Health Care,stock,S&P 500 constituent as of 2026-10 (survivorship bias; documented)
WEC,WEC Energy Group,Utilities,stock,S&P 500 constituent as of 2026-10 (survivorship bias; documented)
WFC,Wells Fargo,Financials,stock,S&P 500 constituent as of 2026-10 (survivorship bias; documented)
WELL,Welltower,Real Estate,stock,S&P 500 constituent as of 2026-10 (survivorship bias; documented)
WST,West Pharmaceutical Services,Health Care,stock,S&P 500 constituent as of 2026-10 (survivorship bias; documented)
WDC,Western Digital,Information Technology,stock,S&P 500 constituent as of 2026-10 (survivorship bias; documented)
WY,Weyerhaeuser,Real Estate,stock,S&P 500 constituent as of 2026-10 (survivorship bias; documented)
WSM,Williams-Sonoma  Inc.,Consumer Discretionary,stock,S&P 500 constituent as of 2026-10 (survivorship bias; documented)
WMB,Williams Companies,Energy,stock,S&P 500 constituent as of 2026-10 (survivorship bias; documented)
WTW,Willis Towers Watson,Financials,stock,S&P 500 constituent as of 2026-10 (survivorship bias; documented)
WDAY,Workday  Inc.,Information Technology,stock,S&P 500 constituent as of 2026-10 (survivorship bias; documented)
WYNN,Wynn Resorts,Consumer Discretionary,stock,S&P 500 constituent as of 2026-10 (survivorship bias; documented)
XEL,Xcel Energy,Utilities,stock,S&P 500 constituent as of 2026-10 (survivorship bias; documented)
XYL,Xylem Inc.,Industrials,stock,S&P 500 constituent as of 2026-10 (survivorship bias; documented)
YUM,Yum! Brands,Consumer Discretionary,stock,S&P 500 constituent as of 2026-10 (survivorship bias; documented)
ZBRA,Zebra Technologies,Information Technology,stock,S&P 500 constituent as of 2026-10 (survivorship bias; documented)
ZBH,Zimmer Biomet,Health Care,stock,S&P 500 constituent as of 2026-10 (survivorship bias; documented)
ZTS,Zoetis,Health Care,stock,S&P 500 constituent as of 2026-10 (survivorship bias; documented)
AA,Alcoa,Materials,stock,S&P midcap400 constituent as of 2026-10 (survivorship bias)
AAL,American Airlines Group,Industrials,stock,S&P midcap400 constituent as of 2026-10 (survivorship bias)
AAON,AAON,Industrials,stock,S&P midcap400 constituent as of 2026-10 (survivorship bias)
ACI,Albertsons,Consumer Staples,stock,S&P midcap400 constituent as of 2026-10 (survivorship bias)
ACM,AECOM,Industrials,stock,S&P midcap400 constituent as of 2026-10 (survivorship bias)
ADC,Agree Realty,Real Estate,stock,S&P midcap400 constituent as of 2026-10 (survivorship bias)
AEIS,Advanced Energy,Information Technology,stock,S&P midcap400 constituent as of 2026-10 (survivorship bias)
AFG,American Financial Group,Financials,stock,S&P midcap400 constituent as of 2026-10 (survivorship bias)
AGCO,AGCO,Industrials,stock,S&P midcap400 constituent as of 2026-10 (survivorship bias)
AGNC,AGNC Investment,Financials,stock,S&P midcap400 constituent as of 2026-10 (survivorship bias)
AHR,American Healthcare REIT,Real Estate,stock,S&P midcap400 constituent as of 2026-10 (survivorship bias)
AIT,Applied Industrial Technologies,Industrials,stock,S&P midcap400 constituent as of 2026-10 (survivorship bias)
ALGM,Allegro MicroSystems,Information Technology,stock,S&P midcap400 constituent as of 2026-10 (survivorship bias)
ALK,Alaska Air Group,Industrials,stock,S&P midcap400 constituent as of 2026-10 (survivorship bias)
ALLY,Ally Financial,Financials,stock,S&P midcap400 constituent as of 2026-10 (survivorship bias)
ALSN,Allison Transmission,Industrials,stock,S&P midcap400 constituent as of 2026-10 (survivorship bias)
ALV,Autoliv,Consumer Discretionary,stock,S&P midcap400 constituent as of 2026-10 (survivorship bias)
AM,Antero Midstream,Energy,stock,S&P midcap400 constituent as of 2026-10 (survivorship bias)
AMG,Affiliated Managers Group,Financials,stock,S&P midcap400 constituent as of 2026-10 (survivorship bias)
AMH,American Homes 4 Rent,Real Estate,stock,S&P midcap400 constituent as of 2026-10 (survivorship bias)
AMKR,Amkor Technology,Information Technology,stock,S&P midcap400 constituent as of 2026-10 (survivorship bias)
AN,AutoNation,Consumer Discretionary,stock,S&P midcap400 constituent as of 2026-10 (survivorship bias)
ANF,Abercrombie & Fitch,Consumer Discretionary,stock,S&P midcap400 constituent as of 2026-10 (survivorship bias)
APG,APi Group,Industrials,stock,S&P midcap400 constituent as of 2026-10 (survivorship bias)
APPF,AppFolio,Information Technology,stock,S&P midcap400 constituent as of 2026-10 (survivorship bias)
AR,Antero Resources,Energy,stock,S&P midcap400 constituent as of 2026-10 (survivorship bias)
ARMK,Aramark,Consumer Discretionary,stock,S&P midcap400 constituent as of 2026-10 (survivorship bias)
ARW,Arrow Electronics,Information Technology,stock,S&P midcap400 constituent as of 2026-10 (survivorship bias)
ARWR,Arrowhead Pharmaceuticals,Health Care,stock,S&P midcap400 constituent as of 2026-10 (survivorship bias)
ASB,Associated Bank,Financials,stock,S&P midcap400 constituent as of 2026-10 (survivorship bias)
ASH,Ashland Global,Materials,stock,S&P midcap400 constituent as of 2026-10 (survivorship bias)
ATI,ATI Inc.,Industrials,stock,S&P midcap400 constituent as of 2026-10 (survivorship bias)
ATR,AptarGroup,Materials,stock,S&P midcap400 constituent as of 2026-10 (survivorship bias)
AVAV,AeroVironment,Industrials,stock,S&P midcap400 constituent as of 2026-10 (survivorship bias)
AVNT,Avient,Materials,stock,S&P midcap400 constituent as of 2026-10 (survivorship bias)
AVT,Avnet,Information Technology,stock,S&P midcap400 constituent as of 2026-10 (survivorship bias)
AVTR,Avantor,Health Care,stock,S&P midcap400 constituent as of 2026-10 (survivorship bias)
AXTA,Axalta,Materials,stock,S&P midcap400 constituent as of 2026-10 (survivorship bias)
AYI,Acuity Brands,Industrials,stock,S&P midcap400 constituent as of 2026-10 (survivorship bias)
BAH,Booz Allen Hamilton,Industrials,stock,S&P midcap400 constituent as of 2026-10 (survivorship bias)
BBWI,Bath & Body Works  Inc.,Consumer Discretionary,stock,S&P midcap400 constituent as of 2026-10 (survivorship bias)
BC,Brunswick,Consumer Discretionary,stock,S&P midcap400 constituent as of 2026-10 (survivorship bias)
BCO,Brink's,Industrials,stock,S&P midcap400 constituent as of 2026-10 (survivorship bias)
BDC,Belden Inc.,Information Technology,stock,S&P midcap400 constituent as of 2026-10 (survivorship bias)
BHF,Brighthouse Financial,Financials,stock,S&P midcap400 constituent as of 2026-10 (survivorship bias)
BILL,Bill Holdings,Information Technology,stock,S&P midcap400 constituent as of 2026-10 (survivorship bias)
BIO,Bio-Rad Laboratories,Health Care,stock,S&P midcap400 constituent as of 2026-10 (survivorship bias)
BJ,BJ's Wholesale Club,Consumer Staples,stock,S&P midcap400 constituent as of 2026-10 (survivorship bias)
BKH,Black Hills Corporation,Utilities,stock,S&P midcap400 constituent as of 2026-10 (survivorship bias)
BMRN,BioMarin Pharmaceutical,Health Care,stock,S&P midcap400 constituent as of 2026-10 (survivorship bias)
BRKR,Bruker,Health Care,stock,S&P midcap400 constituent as of 2026-10 (survivorship bias)
BROS,Dutch Bros Inc.,Consumer Discretionary,stock,S&P midcap400 constituent as of 2026-10 (survivorship bias)
BRX,Brixmor Property Group,Real Estate,stock,S&P midcap400 constituent as of 2026-10 (survivorship bias)
BSY,Bentley Systems,Information Technology,stock,S&P midcap400 constituent as of 2026-10 (survivorship bias)
BTSG,BrightSpring Health Services,Health Care,stock,S&P midcap400 constituent as of 2026-10 (survivorship bias)
BURL,Burlington Stores,Consumer Discretionary,stock,S&P midcap400 constituent as of 2026-10 (survivorship bias)
BWA,BorgWarner,Consumer Discretionary,stock,S&P midcap400 constituent as of 2026-10 (survivorship bias)
BWXT,BWX Technologies,Industrials,stock,S&P midcap400 constituent as of 2026-10 (survivorship bias)
BYD,Boyd Gaming,Consumer Discretionary,stock,S&P midcap400 constituent as of 2026-10 (survivorship bias)
CACI,CACI International,Industrials,stock,S&P midcap400 constituent as of 2026-10 (survivorship bias)
CAR,Avis Budget Group,Industrials,stock,S&P midcap400 constituent as of 2026-10 (survivorship bias)
CART,Maplebear Inc.,Consumer Staples,stock,S&P midcap400 constituent as of 2026-10 (survivorship bias)
CAVA,Cava Group,Consumer Discretionary,stock,S&P midcap400 constituent as of 2026-10 (survivorship bias)
CBSH,Commerce Bancshares,Financials,stock,S&P midcap400 constituent as of 2026-10 (survivorship bias)
CBT,Cabot Corp,Materials,stock,S&P midcap400 constituent as of 2026-10 (survivorship bias)
CCK,Crown Holdings,Materials,stock,S&P midcap400 constituent as of 2026-10 (survivorship bias)
CDE,Coeur Mining,Materials,stock,S&P midcap400 constituent as of 2026-10 (survivorship bias)
CDP,COPT Defense Properties,Real Estate,stock,S&P midcap400 constituent as of 2026-10 (survivorship bias)
CELH,Celsius Holdings,Consumer Staples,stock,S&P midcap400 constituent as of 2026-10 (survivorship bias)
CFR,Frost Bank,Financials,stock,S&P midcap400 constituent as of 2026-10 (survivorship bias)
CG,Carlyle Group (The),Financials,stock,S&P midcap400 constituent as of 2026-10 (survivorship bias)
CGNX,Cognex,Information Technology,stock,S&P midcap400 constituent as of 2026-10 (survivorship bias)
CHDN,Churchill Downs Inc.,Consumer Discretionary,stock,S&P midcap400 constituent as of 2026-10 (survivorship bias)
CHE,Chemed Corp.,Health Care,stock,S&P midcap400 constituent as of 2026-10 (survivorship bias)
CHH,Choice Hotels,Consumer Discretionary,stock,S&P midcap400 constituent as of 2026-10 (survivorship bias)
CHRD,Chord Energy,Energy,stock,S&P midcap400 constituent as of 2026-10 (survivorship bias)
CHWY,Chewy,Consumer Discretionary,stock,S&P midcap400 constituent as of 2026-10 (survivorship bias)
CLF,Cleveland-Cliffs,Materials,stock,S&P midcap400 constituent as of 2026-10 (survivorship bias)
CLH,Clean Harbors,Industrials,stock,S&P midcap400 constituent as of 2026-10 (survivorship bias)
CMC,Commercial Metals,Materials,stock,S&P midcap400 constituent as of 2026-10 (survivorship bias)
CNH,CNH Industrial,Industrials,stock,S&P midcap400 constituent as of 2026-10 (survivorship bias)
CNM,Core & Main,Industrials,stock,S&P midcap400 constituent as of 2026-10 (survivorship bias)
CNO,CNO Financial Group,Financials,stock,S&P midcap400 constituent as of 2026-10 (survivorship bias)
CNX,CNX Resources,Energy,stock,S&P midcap400 constituent as of 2026-10 (survivorship bias)
COKE,Coca-Cola Consolidated,Consumer Staples,stock,S&P midcap400 constituent as of 2026-10 (survivorship bias)
COLB,Columbia Banking System,Financials,stock,S&P midcap400 constituent as of 2026-10 (survivorship bias)
COLM,Columbia Sportswear,Consumer Discretionary,stock,S&P midcap400 constituent as of 2026-10 (survivorship bias)
CORT,Corcept Therapeutics,Health Care,stock,S&P midcap400 constituent as of 2026-10 (survivorship bias)
CR,Crane,Industrials,stock,S&P midcap400 constituent as of 2026-10 (survivorship bias)
CRBG,Corebridge Financial,Financials,stock,S&P midcap400 constituent as of 2026-10 (survivorship bias)
CROX,Crocs,Consumer Discretionary,stock,S&P midcap400 constituent as of 2026-10 (survivorship bias)
CRS,Carpenter Technology,Industrials,stock,S&P midcap400 constituent as of 2026-10 (survivorship bias)
CRUS,Cirrus Logic,Information Technology,stock,S&P midcap400 constituent as of 2026-10 (survivorship bias)
CSL,Carlisle Companies,Industrials,stock,S&P midcap400 constituent as of 2026-10 (survivorship bias)
CTRE,CareTrust REIT,Real Estate,stock,S&P midcap400 constituent as of 2026-10 (survivorship bias)
CUBE,CubeSmart,Real Estate,stock,S&P midcap400 constituent as of 2026-10 (survivorship bias)
CUZ,Cousins Properties,Real Estate,stock,S&P midcap400 constituent as of 2026-10 (survivorship bias)
CVLT,CommVault Systems,Information Technology,stock,S&P midcap400 constituent as of 2026-10 (survivorship bias)
CW,Curtiss-Wright,Industrials,stock,S&P midcap400 constituent as of 2026-10 (survivorship bias)
CXT,Crane NXT,Information Technology,stock,S&P midcap400 constituent as of 2026-10 (survivorship bias)
CYTK,Cytokinetics,Health Care,stock,S&P midcap400 constituent as of 2026-10 (survivorship bias)
DAR,Darling Ingredients,Consumer Staples,stock,S&P midcap400 constituent as of 2026-10 (survivorship bias)
DBX,Dropbox,Information Technology,stock,S&P midcap400 constituent as of 2026-10 (survivorship bias)
DCI,Donaldson Company,Industrials,stock,S&P midcap400 constituent as of 2026-10 (survivorship bias)
DINO,HF Sinclair,Energy,stock,S&P midcap400 constituent as of 2026-10 (survivorship bias)
DKS,Dick's Sporting Goods,Consumer Discretionary,stock,S&P midcap400 constituent as of 2026-10 (survivorship bias)
DLB,Dolby,Information Technology,stock,S&P midcap400 constituent as of 2026-10 (survivorship bias)
DOCN,DigitalOcean,Information Technology,stock,S&P midcap400 constituent as of 2026-10 (survivorship bias)
DOCS,Doximity,Health Care,stock,S&P midcap400 constituent as of 2026-10 (survivorship bias)
DOCU,Docusign,Information Technology,stock,S&P midcap400 constituent as of 2026-10 (survivorship bias)
DT,Dynatrace,Information Technology,stock,S&P midcap400 constituent as of 2026-10 (survivorship bias)
DTM,DT Midstream,Energy,stock,S&P midcap400 constituent as of 2026-10 (survivorship bias)
DUOL,Duolingo,Consumer Discretionary,stock,S&P midcap400 constituent as of 2026-10 (survivorship bias)
DY,Dycom Industries,Industrials,stock,S&P midcap400 constituent as of 2026-10 (survivorship bias)
EAT,Brinker International,Consumer Discretionary,stock,S&P midcap400 constituent as of 2026-10 (survivorship bias)
EEFT,Euronet Worldwide,Financials,stock,S&P midcap400 constituent as of 2026-10 (survivorship bias)
EGP,EastGroup Properties,Real Estate,stock,S&P midcap400 constituent as of 2026-10 (survivorship bias)
EHC,Encompass Health,Health Care,stock,S&P midcap400 constituent as of 2026-10 (survivorship bias)
ELAN,Elanco,Health Care,stock,S&P midcap400 constituent as of 2026-10 (survivorship bias)
ELF,e.l.f. Beauty,Consumer Staples,stock,S&P midcap400 constituent as of 2026-10 (survivorship bias)
ELS,Equity Lifestyle Properties,Real Estate,stock,S&P midcap400 constituent as of 2026-10 (survivorship bias)
ENS,EnerSys,Industrials,stock,S&P midcap400 constituent as of 2026-10 (survivorship bias)
ENSG,Ensign Group,Health Care,stock,S&P midcap400 constituent as of 2026-10 (survivorship bias)
ENTG,Entegris,Information Technology,stock,S&P midcap400 constituent as of 2026-10 (survivorship bias)
EPR,EPR Properties,Real Estate,stock,S&P midcap400 constituent as of 2026-10 (survivorship bias)
EQH,Equitable Holdings,Financials,stock,S&P midcap400 constituent as of 2026-10 (survivorship bias)
ESAB,ESAB,Industrials,stock,S&P midcap400 constituent as of 2026-10 (survivorship bias)
ESNT,Essent Group Ltd.,Financials,stock,S&P midcap400 constituent as of 2026-10 (survivorship bias)
EVR,Evercore,Financials,stock,S&P midcap400 constituent as of 2026-10 (survivorship bias)
EWBC,East West Bancorp,Financials,stock,S&P midcap400 constituent as of 2026-10 (survivorship bias)
EXEL,Exelixis,Health Care,stock,S&P midcap400 constituent as of 2026-10 (survivorship bias)
EXLS,EXL Service,Industrials,stock,S&P midcap400 constituent as of 2026-10 (survivorship bias)
EXP,Eagle Materials,Materials,stock,S&P midcap400 constituent as of 2026-10 (survivorship bias)
EXPO,Exponent  Inc.,Industrials,stock,S&P midcap400 constituent as of 2026-10 (survivorship bias)
FAF,First American Financial Corporation,Financials,stock,S&P midcap400 constituent as of 2026-10 (survivorship bias)
FBIN,Fortune Brands Innovations,Industrials,stock,S&P midcap400 constituent as of 2026-10 (survivorship bias)
FCFS,FirstCash,Financials,stock,S&P midcap400 constituent as of 2026-10 (survivorship bias)
FCN,FTI Consulting,Industrials,stock,S&P midcap400 constituent as of 2026-10 (survivorship bias)
FFIN,First Financial Bankshares,Financials,stock,S&P midcap400 constituent as of 2026-10 (survivorship bias)
FHI,Federated Hermes,Financials,stock,S&P midcap400 constituent as of 2026-10 (survivorship bias)
FHN,First Horizon,Financials,stock,S&P midcap400 constituent as of 2026-10 (survivorship bias)
FIVE,Five Below,Consumer Discretionary,stock,S&P midcap400 constituent as of 2026-10 (survivorship bias)
FLG,Flagstar Bank,Financials,stock,S&P midcap400 constituent as of 2026-10 (survivorship bias)
FLR,Fluor,Industrials,stock,S&P midcap400 constituent as of 2026-10 (survivorship bias)
FLS,Flowserve,Industrials,stock,S&P midcap400 constituent as of 2026-10 (survivorship bias)
FN,Fabrinet,Information Technology,stock,S&P midcap400 constituent as of 2026-10 (survivorship bias)
FNB,FNB Corporation,Financials,stock,S&P midcap400 constituent as of 2026-10 (survivorship bias)
FND,Floor & Decor,Consumer Discretionary,stock,S&P midcap400 constituent as of 2026-10 (survivorship bias)
FNF,Fidelity National Financial,Financials,stock,S&P midcap400 constituent as of 2026-10 (survivorship bias)
FOUR,Shift4,Financials,stock,S&P midcap400 constituent as of 2026-10 (survivorship bias)
FR,First Industrial Realty Trust,Real Estate,stock,S&P midcap400 constituent as of 2026-10 (survivorship bias)
FTI,TechnipFMC,Energy,stock,S&P midcap400 constituent as of 2026-10 (survivorship bias)
G,Genpact,Industrials,stock,S&P midcap400 constituent as of 2026-10 (survivorship bias)
GAP,Gap Inc.,Consumer Discretionary,stock,S&P midcap400 constituent as of 2026-10 (survivorship bias)
GATX,GATX,Industrials,stock,S&P midcap400 constituent as of 2026-10 (survivorship bias)
GBCI,Glacier Bancorp,Financials,stock,S&P midcap400 constituent as of 2026-10 (survivorship bias)
GEF,Greif  Inc.,Materials,stock,S&P midcap400 constituent as of 2026-10 (survivorship bias)
GGG,Graco Inc.,Industrials,stock,S&P midcap400 constituent as of 2026-10 (survivorship bias)
GHC,Graham Holdings,Consumer Discretionary,stock,S&P midcap400 constituent as of 2026-10 (survivorship bias)
GLPI,Gaming and Leisure Properties,Real Estate,stock,S&P midcap400 constituent as of 2026-10 (survivorship bias)
GME,GameStop,Consumer Discretionary,stock,S&P midcap400 constituent as of 2026-10 (survivorship bias)
GMED,Globus Medical,Health Care,stock,S&P midcap400 constituent as of 2026-10 (survivorship bias)
GNTX,Gentex,Consumer Discretionary,stock,S&P midcap400 constituent as of 2026-10 (survivorship bias)
GPK,Graphic Packaging,Materials,stock,S&P midcap400 constituent as of 2026-10 (survivorship bias)
GWRE,Guidewire Software,Information Technology,stock,S&P midcap400 constituent as of 2026-10 (survivorship bias)
GXO,GXO Logistics,Industrials,stock,S&P midcap400 constituent as of 2026-10 (survivorship bias)
H,Hyatt,Consumer Discretionary,stock,S&P midcap400 constituent as of 2026-10 (survivorship bias)
HAE,Haemonetics,Health Care,stock,S&P midcap400 constituent as of 2026-10 (survivorship bias)
HALO,Halozyme,Health Care,stock,S&P midcap400 constituent as of 2026-10 (survivorship bias)
HGV,Hilton Grand Vacations,Consumer Discretionary,stock,S&P midcap400 constituent as of 2026-10 (survivorship bias)
HIMS,Hims & Hers Health,Health Care,stock,S&P midcap400 constituent as of 2026-10 (survivorship bias)
HL,Hecla Mining,Materials,stock,S&P midcap400 constituent as of 2026-10 (survivorship bias)
HLI,Houlihan Lokey,Financials,stock,S&P midcap400 constituent as of 2026-10 (survivorship bias)
HLNE,Hamilton Lane,Financials,stock,S&P midcap400 constituent as of 2026-10 (survivorship bias)
HOG,Harley-Davidson,Consumer Discretionary,stock,S&P midcap400 constituent as of 2026-10 (survivorship bias)
HOMB,Home BancShares,Financials,stock,S&P midcap400 constituent as of 2026-10 (survivorship bias)
HQY,HealthEquity,Health Care,stock,S&P midcap400 constituent as of 2026-10 (survivorship bias)
HR,Healthcare Realty Trust,Real Estate,stock,S&P midcap400 constituent as of 2026-10 (survivorship bias)
HRB,H&R Block,Consumer Discretionary,stock,S&P midcap400 constituent as of 2026-10 (survivorship bias)
HUBS,HubSpot,Information Technology,stock,S&P midcap400 constituent as of 2026-10 (survivorship bias)
HWC,Hancock Whitney,Financials,stock,S&P midcap400 constituent as of 2026-10 (survivorship bias)
HXL,Hexcel,Industrials,stock,S&P midcap400 constituent as of 2026-10 (survivorship bias)
IBOC,Intl Bancshares Corp,Financials,stock,S&P midcap400 constituent as of 2026-10 (survivorship bias)
IDA,Idacorp,Utilities,stock,S&P midcap400 constituent as of 2026-10 (survivorship bias)
IDCC,InterDigital,Information Technology,stock,S&P midcap400 constituent as of 2026-10 (survivorship bias)
IESC,IES Holdings,Industrials,stock,S&P midcap400 constituent as of 2026-10 (survivorship bias)
INGR,Ingredion,Consumer Staples,stock,S&P midcap400 constituent as of 2026-10 (survivorship bias)
IPGP,IPG Photonics,Information Technology,stock,S&P midcap400 constituent as of 2026-10 (survivorship bias)
IRT,Independence Realty Trust,Real Estate,stock,S&P midcap400 constituent as of 2026-10 (survivorship bias)
ITT,ITT Inc.,Industrials,stock,S&P midcap400 constituent as of 2026-10 (survivorship bias)
JAZZ,Jazz Pharmaceuticals,Health Care,stock,S&P midcap400 constituent as of 2026-10 (survivorship bias)
JEF,Jefferies,Financials,stock,S&P midcap400 constituent as of 2026-10 (survivorship bias)
JLL,Jones Lang LaSalle,Real Estate,stock,S&P midcap400 constituent as of 2026-10 (survivorship bias)
KBH,KB Home,Consumer Discretionary,stock,S&P midcap400 constituent as of 2026-10 (survivorship bias)
KBR,KBR  Inc.,Industrials,stock,S&P midcap400 constituent as of 2026-10 (survivorship bias)
KD,Kyndryl,Information Technology,stock,S&P midcap400 constituent as of 2026-10 (survivorship bias)
KEX,Kirby Corporation,Industrials,stock,S&P midcap400 constituent as of 2026-10 (survivorship bias)
KNF,Knife River Corporation,Materials,stock,S&P midcap400 constituent as of 2026-10 (survivorship bias)
KNSL,Kinsale Capital Group,Financials,stock,S&P midcap400 constituent as of 2026-10 (survivorship bias)
KNX,Knight-Swift,Industrials,stock,S&P midcap400 constituent as of 2026-10 (survivorship bias)
KRC,Kilroy Realty Corp,Real Estate,stock,S&P midcap400 constituent as of 2026-10 (survivorship bias)
KRG,Kite Realty Group Trust,Real Estate,stock,S&P midcap400 constituent as of 2026-10 (survivorship bias)
KRYS,Krystal Biotech,Health Care,stock,S&P midcap400 constituent as of 2026-10 (survivorship bias)
KTOS,Kratos Defense & Security Solutions,Industrials,stock,S&P midcap400 constituent as of 2026-10 (survivorship bias)
LAD,Lithia Motors,Consumer Discretionary,stock,S&P midcap400 constituent as of 2026-10 (survivorship bias)
LAMR,Lamar Advertising Company,Real Estate,stock,S&P midcap400 constituent as of 2026-10 (survivorship bias)
LEA,Lear,Consumer Discretionary,stock,S&P midcap400 constituent as of 2026-10 (survivorship bias)
LECO,Lincoln Electric,Industrials,stock,S&P midcap400 constituent as of 2026-10 (survivorship bias)
LFUS,Littelfuse,Information Technology,stock,S&P midcap400 constituent as of 2026-10 (survivorship bias)
LIVN,LivaNova,Health Care,stock,S&P midcap400 constituent as of 2026-10 (survivorship bias)
LNTH,Lantheus Holdings,Health Care,stock,S&P midcap400 constituent as of 2026-10 (survivorship bias)
LOPE,Grand Canyon Education,Consumer Discretionary,stock,S&P midcap400 constituent as of 2026-10 (survivorship bias)
LPX,Louisiana-Pacific,Industrials,stock,S&P midcap400 constituent as of 2026-10 (survivorship bias)
LSCC,Lattice Semiconductor,Information Technology,stock,S&P midcap400 constituent as of 2026-10 (survivorship bias)
LSTR,Landstar System,Industrials,stock,S&P midcap400 constituent as of 2026-10 (survivorship bias)
M,Macy's,Consumer Discretionary,stock,S&P midcap400 constituent as of 2026-10 (survivorship bias)
MANH,Manhattan Associates,Information Technology,stock,S&P midcap400 constituent as of 2026-10 (survivorship bias)
MAT,Mattel,Consumer Discretionary,stock,S&P midcap400 constituent as of 2026-10 (survivorship bias)
MEDP,Medpace,Health Care,stock,S&P midcap400 constituent as of 2026-10 (survivorship bias)
MIDD,Middleby,Industrials,stock,S&P midcap400 constituent as of 2026-10 (survivorship bias)
MKSI,MKS Instruments,Information Technology,stock,S&P midcap400 constituent as of 2026-10 (survivorship bias)
MLI,Mueller Industries,Industrials,stock,S&P midcap400 constituent as of 2026-10 (survivorship bias)
MMS,Maximus Inc.,Industrials,stock,S&P midcap400 constituent as of 2026-10 (survivorship bias)
MOG-A,Moog Inc.,Industrials,stock,S&P midcap400 constituent as of 2026-10 (survivorship bias)
MOH,Molina Healthcare,Health Care,stock,S&P midcap400 constituent as of 2026-10 (survivorship bias)
MORN,Morningstar  Inc.,Financials,stock,S&P midcap400 constituent as of 2026-10 (survivorship bias)
MP,MP Materials,Materials,stock,S&P midcap400 constituent as of 2026-10 (survivorship bias)
MSA,MSA Safety,Industrials,stock,S&P midcap400 constituent as of 2026-10 (survivorship bias)
MSM,MSC Industrial Direct,Industrials,stock,S&P midcap400 constituent as of 2026-10 (survivorship bias)
MTDR,Matador Resources,Energy,stock,S&P midcap400 constituent as of 2026-10 (survivorship bias)
MTG,MGIC Investment Corporation,Financials,stock,S&P midcap400 constituent as of 2026-10 (survivorship bias)
MTN,Vail Resorts,Consumer Discretionary,stock,S&P midcap400 constituent as of 2026-10 (survivorship bias)
MTSI,MACOM Technology Solutions,Information Technology,stock,S&P midcap400 constituent as of 2026-10 (survivorship bias)
MTZ,MasTec,Industrials,stock,S&P midcap400 constituent as of 2026-10 (survivorship bias)
MUR,Murphy Oil,Energy,stock,S&P midcap400 constituent as of 2026-10 (survivorship bias)
MUSA,Murphy USA,Consumer Discretionary,stock,S&P midcap400 constituent as of 2026-10 (survivorship bias)
MZTI,The Marzetti Company,Consumer Staples,stock,S&P midcap400 constituent as of 2026-10 (survivorship bias)
NBIX,Neurocrine Biosciences,Health Care,stock,S&P midcap400 constituent as of 2026-10 (survivorship bias)
NEU,NewMarket Corporation,Materials,stock,S&P midcap400 constituent as of 2026-10 (survivorship bias)
NFG,National Fuel Gas,Utilities,stock,S&P midcap400 constituent as of 2026-10 (survivorship bias)
NJR,New Jersey Resources,Utilities,stock,S&P midcap400 constituent as of 2026-10 (survivorship bias)
NLY,Annaly Capital Management,Financials,stock,S&P midcap400 constituent as of 2026-10 (survivorship bias)
NNN,NNN Reit,Real Estate,stock,S&P midcap400 constituent as of 2026-10 (survivorship bias)
NOV,NOV Inc.,Energy,stock,S&P midcap400 constituent as of 2026-10 (survivorship bias)
NOVT,Novanta,Information Technology,stock,S&P midcap400 constituent as of 2026-10 (survivorship bias)
NTNX,Nutanix,Information Technology,stock,S&P midcap400 constituent as of 2026-10 (survivorship bias)
NVST,Envista Holdings,Health Care,stock,S&P midcap400 constituent as of 2026-10 (survivorship bias)
NVT,nVent Electric plc,Industrials,stock,S&P midcap400 constituent as of 2026-10 (survivorship bias)
NWE,NorthWestern Energy,Utilities,stock,S&P midcap400 constituent as of 2026-10 (survivorship bias)
NXST,Nexstar Media Group,Communication Services,stock,S&P midcap400 constituent as of 2026-10 (survivorship bias)
NXT,Nextpower,Industrials,stock,S&P midcap400 constituent as of 2026-10 (survivorship bias)
NYT,New York Times Company,Communication Services,stock,S&P midcap400 constituent as of 2026-10 (survivorship bias)
OC,Owens Corning,Industrials,stock,S&P midcap400 constituent as of 2026-10 (survivorship bias)
OGE,OGE Energy,Utilities,stock,S&P midcap400 constituent as of 2026-10 (survivorship bias)
OGS,One Gas,Utilities,stock,S&P midcap400 constituent as of 2026-10 (survivorship bias)
OHI,Omega Healthcare Investors,Real Estate,stock,S&P midcap400 constituent as of 2026-10 (survivorship bias)
OKTA,Okta  Inc.,Information Technology,stock,S&P midcap400 constituent as of 2026-10 (survivorship bias)
OLED,Universal Display,Information Technology,stock,S&P midcap400 constituent as of 2026-10 (survivorship bias)
OLLI,Ollie's Bargain Outlet,Consumer Discretionary,stock,S&P midcap400 constituent as of 2026-10 (survivorship bias)
OLN,Olin Corporation,Materials,stock,S&P midcap400 constituent as of 2026-10 (survivorship bias)
ONB,Old National Bank,Financials,stock,S&P midcap400 constituent as of 2026-10 (survivorship bias)
ONTO,Onto Innovation,Information Technology,stock,S&P midcap400 constituent as of 2026-10 (survivorship bias)
OPCH,Option Care Health,Health Care,stock,S&P midcap400 constituent as of 2026-10 (survivorship bias)
ORA,Ormat Technologies,Utilities,stock,S&P midcap400 constituent as of 2026-10 (survivorship bias)
ORI,Old Republic International,Financials,stock,S&P midcap400 constituent as of 2026-10 (survivorship bias)
OSK,Oshkosh,Industrials,stock,S&P midcap400 constituent as of 2026-10 (survivorship bias)
OVV,Ovintiv,Energy,stock,S&P midcap400 constituent as of 2026-10 (survivorship bias)
OZK,Bank OZK,Financials,stock,S&P midcap400 constituent as of 2026-10 (survivorship bias)
PAG,Penske Automotive Group,Consumer Discretionary,stock,S&P midcap400 constituent as of 2026-10 (survivorship bias)
PATH,UiPath,Information Technology,stock,S&P midcap400 constituent as of 2026-10 (survivorship bias)
PB,Prosperity Bancshares,Financials,stock,S&P midcap400 constituent as of 2026-10 (survivorship bias)
PBF,PBF Energy,Energy,stock,S&P midcap400 constituent as of 2026-10 (survivorship bias)
PCTY,Paylocity,Industrials,stock,S&P midcap400 constituent as of 2026-10 (survivorship bias)
PEGA,Pegasystems,Information Technology,stock,S&P midcap400 constituent as of 2026-10 (survivorship bias)
PEN,Penumbra  Inc.,Health Care,stock,S&P midcap400 constituent as of 2026-10 (survivorship bias)
PFGC,Performance Food Group,Consumer Staples,stock,S&P midcap400 constituent as of 2026-10 (survivorship bias)
PII,Polaris,Consumer Discretionary,stock,S&P midcap400 constituent as of 2026-10 (survivorship bias)
PINS,Pinterest,Communication Services,stock,S&P midcap400 constituent as of 2026-10 (survivorship bias)
PK,Park Hotels & Resorts,Real Estate,stock,S&P midcap400 constituent as of 2026-10 (survivorship bias)
PLNT,Planet Fitness,Consumer Discretionary,stock,S&P midcap400 constituent as of 2026-10 (survivorship bias)
PNFP,Pinnacle Financial Partners,Financials,stock,S&P midcap400 constituent as of 2026-10 (survivorship bias)
POR,Portland General Electric,Utilities,stock,S&P midcap400 constituent as of 2026-10 (survivorship bias)
POST,Post Holdings,Consumer Staples,stock,S&P midcap400 constituent as of 2026-10 (survivorship bias)
PPC,Pilgrim's Pride,Consumer Staples,stock,S&P midcap400 constituent as of 2026-10 (survivorship bias)
PR,Permian Resources,Energy,stock,S&P midcap400 constituent as of 2026-10 (survivorship bias)
PRI,Primerica,Financials,stock,S&P midcap400 constituent as of 2026-10 (survivorship bias)
PSN,Parsons Corporation,Industrials,stock,S&P midcap400 constituent as of 2026-10 (survivorship bias)
PVH,PVH Corp.,Consumer Discretionary,stock,S&P midcap400 constituent as of 2026-10 (survivorship bias)
QLYS,Qualys,Information Technology,stock,S&P midcap400 constituent as of 2026-10 (survivorship bias)
R,Ryder,Industrials,stock,S&P midcap400 constituent as of 2026-10 (survivorship bias)
RBA,RB Global,Industrials,stock,S&P midcap400 constituent as of 2026-10 (survivorship bias)
RBC,RBC Bearings,Industrials,stock,S&P midcap400 constituent as of 2026-10 (survivorship bias)
REXR,Rexford Industrial Realty,Real Estate,stock,S&P midcap400 constituent as of 2026-10 (survivorship bias)
RGA,Reinsurance Group of America,Financials,stock,S&P midcap400 constituent as of 2026-10 (survivorship bias)
RGEN,Repligen,Health Care,stock,S&P midcap400 constituent as of 2026-10 (survivorship bias)
RGLD,Royal Gold,Materials,stock,S&P midcap400 constituent as of 2026-10 (survivorship bias)
RH,RH,Consumer Discretionary,stock,S&P midcap400 constituent as of 2026-10 (survivorship bias)
RLI,RLI Corp.,Financials,stock,S&P midcap400 constituent as of 2026-10 (survivorship bias)
RMBS,Rambus,Information Technology,stock,S&P midcap400 constituent as of 2026-10 (survivorship bias)
RNR,RenaissanceRe,Financials,stock,S&P midcap400 constituent as of 2026-10 (survivorship bias)
ROIV,Roivant Sciences,Health Care,stock,S&P midcap400 constituent as of 2026-10 (survivorship bias)
ROKU,Roku  Inc.,Communication Services,stock,S&P midcap400 constituent as of 2026-10 (survivorship bias)
RPM,RPM International,Materials,stock,S&P midcap400 constituent as of 2026-10 (survivorship bias)
RRC,Range Resources,Energy,stock,S&P midcap400 constituent as of 2026-10 (survivorship bias)
RRX,Regal Rexnord,Industrials,stock,S&P midcap400 constituent as of 2026-10 (survivorship bias)
RS,Reliance  Inc.,Materials,stock,S&P midcap400 constituent as of 2026-10 (survivorship bias)
RYAN,Ryan Specialty,Financials,stock,S&P midcap400 constituent as of 2026-10 (survivorship bias)
RYN,Rayonier,Real Estate,stock,S&P midcap400 constituent as of 2026-10 (survivorship bias)
SAIA,Saia,Industrials,stock,S&P midcap400 constituent as of 2026-10 (survivorship bias)
SAIC,Science Applications Intl Corp,Industrials,stock,S&P midcap400 constituent as of 2026-10 (survivorship bias)
SANM,Sanmina Corporation,Information Technology,stock,S&P midcap400 constituent as of 2026-10 (survivorship bias)
SARO,StandardAero,Industrials,stock,S&P midcap400 constituent as of 2026-10 (survivorship bias)
SBRA,Sabra Health Care REIT,Real Estate,stock,S&P midcap400 constituent as of 2026-10 (survivorship bias)
SCI,Service Corp Intl,Consumer Discretionary,stock,S&P midcap400 constituent as of 2026-10 (survivorship bias)
SEIC,SEI Investments Company,Financials,stock,S&P midcap400 constituent as of 2026-10 (survivorship bias)
SF,Stifel,Financials,stock,S&P midcap400 constituent as of 2026-10 (survivorship bias)
SFM,Sprouts Farmers Market,Consumer Staples,stock,S&P midcap400 constituent as of 2026-10 (survivorship bias)
SGI,Somnigroup International,Consumer Discretionary,stock,S&P midcap400 constituent as of 2026-10 (survivorship bias)
SHC,Sotera Health,Health Care,stock,S&P midcap400 constituent as of 2026-10 (survivorship bias)
SIGI,Selective Insurance Group,Financials,stock,S&P midcap400 constituent as of 2026-10 (survivorship bias)
SIRI,SiriusXM,Communication Services,stock,S&P midcap400 constituent as of 2026-10 (survivorship bias)
SITM,SiTime,Information Technology,stock,S&P midcap400 constituent as of 2026-10 (survivorship bias)
SLAB,Silicon Labs,Information Technology,stock,S&P midcap400 constituent as of 2026-10 (survivorship bias)
SLGN,Silgan Holdings,Materials,stock,S&P midcap400 constituent as of 2026-10 (survivorship bias)
SLM,SLM Corp,Financials,stock,S&P midcap400 constituent as of 2026-10 (survivorship bias)
SMG,Scotts Miracle-Gro Company,Materials,stock,S&P midcap400 constituent as of 2026-10 (survivorship bias)
SMTC,Semtech,Information Technology,stock,S&P midcap400 constituent as of 2026-10 (survivorship bias)
SN,SharkNinja,Consumer Discretionary,stock,S&P midcap400 constituent as of 2026-10 (survivorship bias)
SNX,TD Synnex,Information Technology,stock,S&P midcap400 constituent as of 2026-10 (survivorship bias)
SOLS,Solstice Advanced Materials,Materials,stock,S&P midcap400 constituent as of 2026-10 (survivorship bias)
SON,Sonoco,Materials,stock,S&P midcap400 constituent as of 2026-10 (survivorship bias)
SPXC,SPX Technologies,Industrials,stock,S&P midcap400 constituent as of 2026-10 (survivorship bias)
SR,Spire,Utilities,stock,S&P midcap400 constituent as of 2026-10 (survivorship bias)
SSB,South State Bank,Financials,stock,S&P midcap400 constituent as of 2026-10 (survivorship bias)
SSD,Simpson Manufacturing,Industrials,stock,S&P midcap400 constituent as of 2026-10 (survivorship bias)
ST,Sensata Technologies,Industrials,stock,S&P midcap400 constituent as of 2026-10 (survivorship bias)
STAG,STAG Industrial,Real Estate,stock,S&P midcap400 constituent as of 2026-10 (survivorship bias)
STRL,Sterling Infrastructure,Industrials,stock,S&P midcap400 constituent as of 2026-10 (survivorship bias)
STWD,Starwood Property Trust,Financials,stock,S&P midcap400 constituent as of 2026-10 (survivorship bias)
SUI,Sun Communities,Real Estate,stock,S&P midcap400 constituent as of 2026-10 (survivorship bias)
SWX,Southwest Gas Corp,Utilities,stock,S&P midcap400 constituent as of 2026-10 (survivorship bias)
SYNA,Synaptics,Information Technology,stock,S&P midcap400 constituent as of 2026-10 (survivorship bias)
TCBI,Texas Capital Bancshares,Financials,stock,S&P midcap400 constituent as of 2026-10 (survivorship bias)
TEX,Terex,Industrials,stock,S&P midcap400 constituent as of 2026-10 (survivorship bias)
THC,Tenet Health,Health Care,stock,S&P midcap400 constituent as of 2026-10 (survivorship bias)
THG,Hanover Insurance,Financials,stock,S&P midcap400 constituent as of 2026-10 (survivorship bias)
THO,Thor Industries,Consumer Discretionary,stock,S&P midcap400 constituent as of 2026-10 (survivorship bias)
TKR,Timken,Industrials,stock,S&P midcap400 constituent as of 2026-10 (survivorship bias)
TLN,Talen Energy,Utilities,stock,S&P midcap400 constituent as of 2026-10 (survivorship bias)
TNL,Travel + Leisure Co.,Consumer Discretionary,stock,S&P midcap400 constituent as of 2026-10 (survivorship bias)
TOL,Toll Brothers,Consumer Discretionary,stock,S&P midcap400 constituent as of 2026-10 (survivorship bias)
TOST,Toast  Inc.,Financials,stock,S&P midcap400 constituent as of 2026-10 (survivorship bias)
TREX,Trex,Industrials,stock,S&P midcap400 constituent as of 2026-10 (survivorship bias)
TRU,TransUnion,Industrials,stock,S&P midcap400 constituent as of 2026-10 (survivorship bias)
TTC,Toro,Industrials,stock,S&P midcap400 constituent as of 2026-10 (survivorship bias)
TTEK,Tetra Tech,Industrials,stock,S&P midcap400 constituent as of 2026-10 (survivorship bias)
TTMI,TTM Technologies,Information Technology,stock,S&P midcap400 constituent as of 2026-10 (survivorship bias)
TXNM,TXNM Energy,Utilities,stock,S&P midcap400 constituent as of 2026-10 (survivorship bias)
TXRH,Texas Roadhouse,Consumer Discretionary,stock,S&P midcap400 constituent as of 2026-10 (survivorship bias)
UBSI,United Bankshares,Financials,stock,S&P midcap400 constituent as of 2026-10 (survivorship bias)
UFPI,UFP Industries,Industrials,stock,S&P midcap400 constituent as of 2026-10 (survivorship bias)
UGI,UGI Corp,Utilities,stock,S&P midcap400 constituent as of 2026-10 (survivorship bias)
ULS,UL Solutions,Industrials,stock,S&P midcap400 constituent as of 2026-10 (survivorship bias)
UMBF,UMB Financial Corp.,Financials,stock,S&P midcap400 constituent as of 2026-10 (survivorship bias)
UNM,Unum,Financials,stock,S&P midcap400 constituent as of 2026-10 (survivorship bias)
USFD,US Foods,Consumer Staples,stock,S&P midcap400 constituent as of 2026-10 (survivorship bias)
UTHR,United Therapeutics,Health Care,stock,S&P midcap400 constituent as of 2026-10 (survivorship bias)
VAL,Valaris,Energy,stock,S&P midcap400 constituent as of 2026-10 (survivorship bias)
VC,Visteon,Consumer Discretionary,stock,S&P midcap400 constituent as of 2026-10 (survivorship bias)
VFC,VF Corporation,Consumer Discretionary,stock,S&P midcap400 constituent as of 2026-10 (survivorship bias)
VIAV,Viavi Solutions,Information Technology,stock,S&P midcap400 constituent as of 2026-10 (survivorship bias)
VICR,Vicor Corporation,Industrials,stock,S&P midcap400 constituent as of 2026-10 (survivorship bias)
VLY,Valley Bank,Financials,stock,S&P midcap400 constituent as of 2026-10 (survivorship bias)
VMI,Valmont Industries,Industrials,stock,S&P midcap400 constituent as of 2026-10 (survivorship bias)
VNO,Vornado Realty Trust,Real Estate,stock,S&P midcap400 constituent as of 2026-10 (survivorship bias)
VNOM,Viper Energy,Energy,stock,S&P midcap400 constituent as of 2026-10 (survivorship bias)
VNT,Vontier,Information Technology,stock,S&P midcap400 constituent as of 2026-10 (survivorship bias)
VOYA,Voya Financial,Financials,stock,S&P midcap400 constituent as of 2026-10 (survivorship bias)
VVV,Valvoline,Consumer Discretionary,stock,S&P midcap400 constituent as of 2026-10 (survivorship bias)
WAL,Western Alliance Bancorporation,Financials,stock,S&P midcap400 constituent as of 2026-10 (survivorship bias)
WCC,WESCO International,Industrials,stock,S&P midcap400 constituent as of 2026-10 (survivorship bias)
WEX,WEX Inc.,Financials,stock,S&P midcap400 constituent as of 2026-10 (survivorship bias)
WFRD,Weatherford International,Energy,stock,S&P midcap400 constituent as of 2026-10 (survivorship bias)
WH,Wyndham Hotels & Resorts,Consumer Discretionary,stock,S&P midcap400 constituent as of 2026-10 (survivorship bias)
WHR,Whirlpool Corporation,Consumer Discretionary,stock,S&P midcap400 constituent as of 2026-10 (survivorship bias)
WING,Wingstop,Consumer Discretionary,stock,S&P midcap400 constituent as of 2026-10 (survivorship bias)
WLK,Westlake Corporation,Materials,stock,S&P midcap400 constituent as of 2026-10 (survivorship bias)
WMG,Warner Music Group,Communication Services,stock,S&P midcap400 constituent as of 2026-10 (survivorship bias)
WMS,Advanced Drainage Systems,Industrials,stock,S&P midcap400 constituent as of 2026-10 (survivorship bias)
WPC,W. P. Carey,Real Estate,stock,S&P midcap400 constituent as of 2026-10 (survivorship bias)
WSO,Watsco,Industrials,stock,S&P midcap400 constituent as of 2026-10 (survivorship bias)
WTFC,Wintrust Financial,Financials,stock,S&P midcap400 constituent as of 2026-10 (survivorship bias)
WTRG,Essential Utilities,Utilities,stock,S&P midcap400 constituent as of 2026-10 (survivorship bias)
WTS,Watts Water Technologies,Industrials,stock,S&P midcap400 constituent as of 2026-10 (survivorship bias)
WWD,Woodward  Inc.,Industrials,stock,S&P midcap400 constituent as of 2026-10 (survivorship bias)
XPO,XPO  Inc.,Industrials,stock,S&P midcap400 constituent as of 2026-10 (survivorship bias)
XRAY,Dentsply Sirona,Health Care,stock,S&P midcap400 constituent as of 2026-10 (survivorship bias)
YETI,Yeti Holdings,Consumer Discretionary,stock,S&P midcap400 constituent as of 2026-10 (survivorship bias)
ZION,Zions Bancorporation,Financials,stock,S&P midcap400 constituent as of 2026-10 (survivorship bias)
AAMI,Acadian Asset Management Inc.,Financials,stock,S&P smallcap600 constituent as of 2026-10 (survivorship bias)
AAP,Advance Auto Parts  Inc.,Consumer Discretionary,stock,S&P smallcap600 constituent as of 2026-10 (survivorship bias)
AAT,American Assets Trust,Real Estate,stock,S&P smallcap600 constituent as of 2026-10 (survivorship bias)
ABCB,Ameris Bancorp,Financials,stock,S&P smallcap600 constituent as of 2026-10 (survivorship bias)
ABG,Asbury Automotive Group,Consumer Discretionary,stock,S&P smallcap600 constituent as of 2026-10 (survivorship bias)
ABM,ABM Industries  Inc.,Industrials,stock,S&P smallcap600 constituent as of 2026-10 (survivorship bias)
ABR,Arbor Realty Trust,Financials,stock,S&P smallcap600 constituent as of 2026-10 (survivorship bias)
ACA,Arcosa  Inc.,Industrials,stock,S&P smallcap600 constituent as of 2026-10 (survivorship bias)
ACAD,Acadia Pharmaceuticals,Health Care,stock,S&P smallcap600 constituent as of 2026-10 (survivorship bias)
ACHC,Acadia Healthcare,Health Care,stock,S&P smallcap600 constituent as of 2026-10 (survivorship bias)
ACIW,ACI Worldwide,Information Technology,stock,S&P smallcap600 constituent as of 2026-10 (survivorship bias)
ACLS,Axcelis Technologies  Inc.,Information Technology,stock,S&P smallcap600 constituent as of 2026-10 (survivorship bias)
ACMR,ACM Research  Inc.,Information Technology,stock,S&P smallcap600 constituent as of 2026-10 (survivorship bias)
ACT,Enact Holdings  Inc.,Financials,stock,S&P smallcap600 constituent as of 2026-10 (survivorship bias)
ADAM,Adamas Trust  Inc.,Real Estate,stock,S&P smallcap600 constituent as of 2026-10 (survivorship bias)
ADEA,Adeia  Inc.,Information Technology,stock,S&P smallcap600 constituent as of 2026-10 (survivorship bias)
ADIG,ADI Global Distribution,Information Technology,stock,S&P smallcap600 constituent as of 2026-10 (survivorship bias)
ADMA,ADMA Biologics  Inc.,Health Care,stock,S&P smallcap600 constituent as of 2026-10 (survivorship bias)
ADNT,Adient,Consumer Discretionary,stock,S&P smallcap600 constituent as of 2026-10 (survivorship bias)
ADT,ADT Inc.,Consumer Discretionary,stock,S&P smallcap600 constituent as of 2026-10 (survivorship bias)
ADUS,Addus HomeCare Corp.,Health Care,stock,S&P smallcap600 constituent as of 2026-10 (survivorship bias)
AEO,American Eagle Outfitters,Consumer Discretionary,stock,S&P smallcap600 constituent as of 2026-10 (survivorship bias)
AESI,Atlas Energy Solutions  Inc.,Energy,stock,S&P smallcap600 constituent as of 2026-10 (survivorship bias)
AGNT,eXp World Holdings  Inc.,Real Estate,stock,S&P smallcap600 constituent as of 2026-10 (survivorship bias)
AGO,Assured Guaranty Ltd.,Financials,stock,S&P smallcap600 constituent as of 2026-10 (survivorship bias)
AGX,Argan  Inc.,Industrials,stock,S&P smallcap600 constituent as of 2026-10 (survivorship bias)
AGYS,Agilysys  Inc.,Information Technology,stock,S&P smallcap600 constituent as of 2026-10 (survivorship bias)
AHCO,AdaptHealth Corp.,Health Care,stock,S&P smallcap600 constituent as of 2026-10 (survivorship bias)
AIN,Albany International Corp.,Industrials,stock,S&P smallcap600 constituent as of 2026-10 (survivorship bias)
AIR,AAR Corp.,Industrials,stock,S&P smallcap600 constituent as of 2026-10 (survivorship bias)
AKR,Acadia Realty Trust,Real Estate,stock,S&P smallcap600 constituent as of 2026-10 (survivorship bias)
ALG,Alamo Group,Industrials,stock,S&P smallcap600 constituent as of 2026-10 (survivorship bias)
ALGT,Allegiant Travel Company,Industrials,stock,S&P smallcap600 constituent as of 2026-10 (survivorship bias)
ALHC,Alignment Healthcare  Inc.,Health Care,stock,S&P smallcap600 constituent as of 2026-10 (survivorship bias)
ALKS,Alkermes plc,Health Care,stock,S&P smallcap600 constituent as of 2026-10 (survivorship bias)
ALRM,Alarm.Com  Inc.,Financials,stock,S&P smallcap600 constituent as of 2026-10 (survivorship bias)
AMN,Amn Healthcare Services  Inc.,Health Care,stock,S&P smallcap600 constituent as of 2026-10 (survivorship bias)
AMPH,Amphstar Pharmaceuticals  Inc.,Health Care,stock,S&P smallcap600 constituent as of 2026-10 (survivorship bias)
AMR,Alpha Metallurgical Resources  Inc.,Materials,stock,S&P smallcap600 constituent as of 2026-10 (survivorship bias)
AMRX,Amneal Pharmaceuticals,Health Care,stock,S&P smallcap600 constituent as of 2026-10 (survivorship bias)
AMSF,Amerisafe  Inc.,Financials,stock,S&P smallcap600 constituent as of 2026-10 (survivorship bias)
AMTM,Amentum,Industrials,stock,S&P smallcap600 constituent as of 2026-10 (survivorship bias)
ANDE,The Andersons  Inc.,Consumer Staples,stock,S&P smallcap600 constituent as of 2026-10 (survivorship bias)
ANIP,ANI Pharmaceuticals  Inc.,Health Care,stock,S&P smallcap600 constituent as of 2026-10 (survivorship bias)
AORT,Artivion,Health Care,stock,S&P smallcap600 constituent as of 2026-10 (survivorship bias)
AOSL,Alpha and Omega Semiconductor  Ltd.,Information Technology,stock,S&P smallcap600 constituent as of 2026-10 (survivorship bias)
APAM,Artisan Partners Asset Management  Inc.,Financials,stock,S&P smallcap600 constituent as of 2026-10 (survivorship bias)
APLE,Apple Hospitality REIT  Inc.,Real Estate,stock,S&P smallcap600 constituent as of 2026-10 (survivorship bias)
APOG,Apogee Enterprises  Inc.,Industrials,stock,S&P smallcap600 constituent as of 2026-10 (survivorship bias)
ARCB,ArcBest Corp.,Industrials,stock,S&P smallcap600 constituent as of 2026-10 (survivorship bias)
ARLO,Arlo Technologies,Information Technology,stock,S&P smallcap600 constituent as of 2026-10 (survivorship bias)
AROC,Archrock  Inc.,Energy,stock,S&P smallcap600 constituent as of 2026-10 (survivorship bias)
ARR,Armour Residential REIT,Real Estate,stock,S&P smallcap600 constituent as of 2026-10 (survivorship bias)
ASO,Academy Sports + Outdoors,Consumer Discretionary,stock,S&P smallcap600 constituent as of 2026-10 (survivorship bias)
ASTE,Astec Industries  Inc.,Industrials,stock,S&P smallcap600 constituent as of 2026-10 (survivorship bias)
ASTH,Astrana Health  Inc.,Health Care,stock,S&P smallcap600 constituent as of 2026-10 (survivorship bias)
ATEN,A10 Networks  Inc.,Information Technology,stock,S&P smallcap600 constituent as of 2026-10 (survivorship bias)
ATMU,Atmus Filtration Technologies Inc.,Industrials,stock,S&P smallcap600 constituent as of 2026-10 (survivorship bias)
AUB,Atlantic Union Bankshares  Corp.,Financials,stock,S&P smallcap600 constituent as of 2026-10 (survivorship bias)
AVA,Avista Corporation,Utilities,stock,S&P smallcap600 constituent as of 2026-10 (survivorship bias)
AWI,Armstrong World Industries  Inc.,Industrials,stock,S&P smallcap600 constituent as of 2026-10 (survivorship bias)
AWR,American States Water Company,Utilities,stock,S&P smallcap600 constituent as of 2026-10 (survivorship bias)
AX,Axos Financial  Inc.,Financials,stock,S&P smallcap600 constituent as of 2026-10 (survivorship bias)
AZTA,Azenta  Inc.,Health Care,stock,S&P smallcap600 constituent as of 2026-10 (survivorship bias)
AZZ,AZZ  Inc.,Industrials,stock,S&P smallcap600 constituent as of 2026-10 (survivorship bias)
BANC,Banc Of California  Inc.,Financials,stock,S&P smallcap600 constituent as of 2026-10 (survivorship bias)
BANF,Bancfirst Corp,Financials,stock,S&P smallcap600 constituent as of 2026-10 (survivorship bias)
BANR,Banner Corporation,Financials,stock,S&P smallcap600 constituent as of 2026-10 (survivorship bias)
BBT,Beacon Financial Corp.,Financials,stock,S&P smallcap600 constituent as of 2026-10 (survivorship bias)
BCC,Boise Cascade,Industrials,stock,S&P smallcap600 constituent as of 2026-10 (survivorship bias)
BCPC,Balchem Corporation,Materials,stock,S&P smallcap600 constituent as of 2026-10 (survivorship bias)
BFAM,Bright Horizons Family Solutions Inc.,Consumer Discretionary,stock,S&P smallcap600 constituent as of 2026-10 (survivorship bias)
BFH,Bread Financial Holdings  Inc.,Financials,stock,S&P smallcap600 constituent as of 2026-10 (survivorship bias)
BFS,Saul Centers  Inc.,Real Estate,stock,S&P smallcap600 constituent as of 2026-10 (survivorship bias)
BGC,BGC Group  Inc.,Financials,stock,S&P smallcap600 constituent as of 2026-10 (survivorship bias)
BHE,Benchmark Electronics  Inc.,Information Technology,stock,S&P smallcap600 constituent as of 2026-10 (survivorship bias)
BJRI,BJ's Restaurants  Inc.,Consumer Discretionary,stock,S&P smallcap600 constituent as of 2026-10 (survivorship bias)
BKE,The Buckle  Inc.,Consumer Discretionary,stock,S&P smallcap600 constituent as of 2026-10 (survivorship bias)
BKU,BankUnited  Inc.,Financials,stock,S&P smallcap600 constituent as of 2026-10 (survivorship bias)
BL,BlackLine Systems  Inc.,Information Technology,stock,S&P smallcap600 constituent as of 2026-10 (survivorship bias)
BLFS,BioLife Solutions  Inc.,Health Care,stock,S&P smallcap600 constituent as of 2026-10 (survivorship bias)
BLKB,Blackbaud,Information Technology,stock,S&P smallcap600 constituent as of 2026-10 (survivorship bias)
BMI,Badger Meter  Inc.,Information Technology,stock,S&P smallcap600 constituent as of 2026-10 (survivorship bias)
BNL,Broadstone Net Lease  Inc.,Real Estate,stock,S&P smallcap600 constituent as of 2026-10 (survivorship bias)
BOH,Bank of Hawaii,Financials,stock,S&P smallcap600 constituent as of 2026-10 (survivorship bias)
BOOT,Boot Barn Holdings  Inc.,Consumer Discretionary,stock,S&P smallcap600 constituent as of 2026-10 (survivorship bias)
BOX,Box  Inc.,Information Technology,stock,S&P smallcap600 constituent as of 2026-10 (survivorship bias)
BRC,Brady Corporation,Industrials,stock,S&P smallcap600 constituent as of 2026-10 (survivorship bias)
BTU,Peabody Energy  Inc.,Energy,stock,S&P smallcap600 constituent as of 2026-10 (survivorship bias)
BXMT,Blackstone Mortgage Trust  Inc.,Financials,stock,S&P smallcap600 constituent as of 2026-10 (survivorship bias)
CACC,Credit Acceptance,Financials,stock,S&P smallcap600 constituent as of 2026-10 (survivorship bias)
CAG,Conagra Brands,Consumer Staples,stock,S&P smallcap600 constituent as of 2026-10 (survivorship bias)
CAKE,The Cheesecake Factory  Inc.,Consumer Discretionary,stock,S&P smallcap600 constituent as of 2026-10 (survivorship bias)
CALM,Cal-Maine Foods  Inc.,Consumer Staples,stock,S&P smallcap600 constituent as of 2026-10 (survivorship bias)
CALX,Calix,Information Technology,stock,S&P smallcap600 constituent as of 2026-10 (survivorship bias)
CALY,Callaway Golf Company,Consumer Discretionary,stock,S&P smallcap600 constituent as of 2026-10 (survivorship bias)
CARG,CarGurus,Communication Services,stock,S&P smallcap600 constituent as of 2026-10 (survivorship bias)
CASH,Pathward Financial  Inc.,Financials,stock,S&P smallcap600 constituent as of 2026-10 (survivorship bias)
CATY,Cathay General Bancorp,Financials,stock,S&P smallcap600 constituent as of 2026-10 (survivorship bias)
CBRL,Cracker Barrel,Consumer Discretionary,stock,S&P smallcap600 constituent as of 2026-10 (survivorship bias)
CBU,Community Bank System  Inc.,Financials,stock,S&P smallcap600 constituent as of 2026-10 (survivorship bias)
CC,Chemours,Materials,stock,S&P smallcap600 constituent as of 2026-10 (survivorship bias)
CCOI,Cogent Communications Holdings  Inc.,Communication Services,stock,S&P smallcap600 constituent as of 2026-10 (survivorship bias)
CCS,Century Communities  Inc.,Consumer Discretionary,stock,S&P smallcap600 constituent as of 2026-10 (survivorship bias)
CE,Celanese,Materials,stock,S&P smallcap600 constituent as of 2026-10 (survivorship bias)
CENT,Central Garden & Pet Company,Consumer Staples,stock,S&P smallcap600 constituent as of 2026-10 (survivorship bias)
CENTA,Central Garden & Pet Company (Class A),Consumer Staples,stock,S&P smallcap600 constituent as of 2026-10 (survivorship bias)
CENX,Century Aluminum Company,Materials,stock,S&P smallcap600 constituent as of 2026-10 (survivorship bias)
CERT,Certara  Inc.,Health Care,stock,S&P smallcap600 constituent as of 2026-10 (survivorship bias)
CFFN,Capitol Federal Savings Bank,Financials,stock,S&P smallcap600 constituent as of 2026-10 (survivorship bias)
CHCO,City Holding Company,Financials,stock,S&P smallcap600 constituent as of 2026-10 (survivorship bias)
CHEF,Chefs' Warehouse  Inc.,Consumer Staples,stock,S&P smallcap600 constituent as of 2026-10 (survivorship bias)
CLSK,CleanSpark  Inc.,Information Technology,stock,S&P smallcap600 constituent as of 2026-10 (survivorship bias)
CNK,Cinemark Holdings  Inc.,Communication Services,stock,S&P smallcap600 constituent as of 2026-10 (survivorship bias)
CNMD,CONMED Corporation,Health Care,stock,S&P smallcap600 constituent as of 2026-10 (survivorship bias)
CNR,Core Natural Resources  Inc.,Energy,stock,S&P smallcap600 constituent as of 2026-10 (survivorship bias)
CNS,Cohen & Steers  Inc.,Financials,stock,S&P smallcap600 constituent as of 2026-10 (survivorship bias)
CNXC,Concentrix,Industrials,stock,S&P smallcap600 constituent as of 2026-10 (survivorship bias)
CNXN,PC Connection  Inc.,Information Technology,stock,S&P smallcap600 constituent as of 2026-10 (survivorship bias)
COCO,The Vita Coco Company,Consumer Staples,stock,S&P smallcap600 constituent as of 2026-10 (survivorship bias)
COHU,Cohu  Inc.,Information Technology,stock,S&P smallcap600 constituent as of 2026-10 (survivorship bias)
COLL,Collegium Pharmaceutical  Inc.,Health Care,stock,S&P smallcap600 constituent as of 2026-10 (survivorship bias)
CON,Concentra Group Holdings Parent  Inc.,Health Care,stock,S&P smallcap600 constituent as of 2026-10 (survivorship bias)
COTY,Coty,Consumer Staples,stock,S&P smallcap600 constituent as of 2026-10 (survivorship bias)
CPB,The Campbell's Company,Consumer Staples,stock,S&P smallcap600 constituent as of 2026-10 (survivorship bias)
CPF,Central Pacific Financial Corp.,Financials,stock,S&P smallcap600 constituent as of 2026-10 (survivorship bias)
CPK,Chesapeake Utilities Corp.,Utilities,stock,S&P smallcap600 constituent as of 2026-10 (survivorship bias)
CRC,California Resources Corporation,Energy,stock,S&P smallcap600 constituent as of 2026-10 (survivorship bias)
CRGY,Crescent Energy Company,Energy,stock,S&P smallcap600 constituent as of 2026-10 (survivorship bias)
CRI,Carter's  Inc.,Consumer Discretionary,stock,S&P smallcap600 constituent as of 2026-10 (survivorship bias)
CRK,Comstock Resources  Inc.,Energy,stock,S&P smallcap600 constituent as of 2026-10 (survivorship bias)
CRSR,Corsair Gaming,Information Technology,stock,S&P smallcap600 constituent as of 2026-10 (survivorship bias)
CRVL,CorVel Corporation,Health Care,stock,S&P smallcap600 constituent as of 2026-10 (survivorship bias)
CSR,Centerspace Trust,Real Estate,stock,S&P smallcap600 constituent as of 2026-10 (survivorship bias)
CSW,CSW Industrials  Inc.,Industrials,stock,S&P smallcap600 constituent as of 2026-10 (survivorship bias)
CTS,CTS Corporation,Information Technology,stock,S&P smallcap600 constituent as of 2026-10 (survivorship bias)
CUBI,Customers Bancorp  Inc.,Financials,stock,S&P smallcap600 constituent as of 2026-10 (survivorship bias)
CURB,Curbline Properties Corp.,Real Estate,stock,S&P smallcap600 constituent as of 2026-10 (survivorship bias)
CVBF,CVB Financial Corp.,Financials,stock,S&P smallcap600 constituent as of 2026-10 (survivorship bias)
CVCO,Cavco Industries  Inc.,Consumer Discretionary,stock,S&P smallcap600 constituent as of 2026-10 (survivorship bias)
CVI,CVR Energy  Inc.,Energy,stock,S&P smallcap600 constituent as of 2026-10 (survivorship bias)
CVSA,Covista Inc.,Consumer Discretionary,stock,S&P smallcap600 constituent as of 2026-10 (survivorship bias)
CWEN,Clearway Energy  Inc. (Class C),Utilities,stock,S&P smallcap600 constituent as of 2026-10 (survivorship bias)
CWEN-A,Clearway Energy  Inc. (Class A),Utilities,stock,S&P smallcap600 constituent as of 2026-10 (survivorship bias)
CWK,Cushman & Wakefield plc,Real Estate,stock,S&P smallcap600 constituent as of 2026-10 (survivorship bias)
CWST,Casella Waste Systems  Inc.,Industrials,stock,S&P smallcap600 constituent as of 2026-10 (survivorship bias)
CWT,California Water Service Group,Utilities,stock,S&P smallcap600 constituent as of 2026-10 (survivorship bias)
CXM,Sprinklr  Inc.,Information Technology,stock,S&P smallcap600 constituent as of 2026-10 (survivorship bias)
CXW,CoreCivic,Industrials,stock,S&P smallcap600 constituent as of 2026-10 (survivorship bias)
CZR,Caesars Entertainment,Consumer Discretionary,stock,S&P smallcap600 constituent as of 2026-10 (survivorship bias)
DAN,Dana Incorporated,Consumer Discretionary,stock,S&P smallcap600 constituent as of 2026-10 (survivorship bias)
DAVE,Dave  Inc.,Financials,stock,S&P smallcap600 constituent as of 2026-10 (survivorship bias)
DBD,Diebold Nixdorf,Information Technology,stock,S&P smallcap600 constituent as of 2026-10 (survivorship bias)
DCH,Dauch Corporation,Consumer Discretionary,stock,S&P smallcap600 constituent as of 2026-10 (survivorship bias)
DCOM,Dime Community Bancshares  Inc.,Financials,stock,S&P smallcap600 constituent as of 2026-10 (survivorship bias)
DEA,Easterly Government Properties  Inc.,Real Estate,stock,S&P smallcap600 constituent as of 2026-10 (survivorship bias)
DEI,Douglas Emmett,Real Estate,stock,S&P smallcap600 constituent as of 2026-10 (survivorship bias)
DFH,Dream Finders Homes  Inc.,Consumer Discretionary,stock,S&P smallcap600 constituent as of 2026-10 (survivorship bias)
DFIN,Donnelley Financial Solutions  Inc.,Financials,stock,S&P smallcap600 constituent as of 2026-10 (survivorship bias)
DGII,Digi International Inc.,Information Technology,stock,S&P smallcap600 constituent as of 2026-10 (survivorship bias)
DIOD,Diodes Incorporated,Information Technology,stock,S&P smallcap600 constituent as of 2026-10 (survivorship bias)
DLX,Deluxe Corporation,Industrials,stock,S&P smallcap600 constituent as of 2026-10 (survivorship bias)
DMC,Del Monte Corporation,Consumer Staples,stock,S&P smallcap600 constituent as of 2026-10 (survivorship bias)
DNOW,NOW Inc,Industrials,stock,S&P smallcap600 constituent as of 2026-10 (survivorship bias)
DORM,Dorman Products  Inc.,Consumer Discretionary,stock,S&P smallcap600 constituent as of 2026-10 (survivorship bias)
DRH,DiamondRock Hospitality Company,Real Estate,stock,S&P smallcap600 constituent as of 2026-10 (survivorship bias)
DV,DoubleVerify Holdings Inc.,Communication Services,stock,S&P smallcap600 constituent as of 2026-10 (survivorship bias)
DXC,DXC Technology,Information Technology,stock,S&P smallcap600 constituent as of 2026-10 (survivorship bias)
DXPE,DXP Enterprises  Inc.,Industrials,stock,S&P smallcap600 constituent as of 2026-10 (survivorship bias)
EBC,Eastern Bankshares  Inc.,Financials,stock,S&P smallcap600 constituent as of 2026-10 (survivorship bias)
ECG,Everus Construction Group  Inc.,Industrials,stock,S&P smallcap600 constituent as of 2026-10 (survivorship bias)
ECPG,Encore Capital Group  Inc.,Financials,stock,S&P smallcap600 constituent as of 2026-10 (survivorship bias)
EFC,Ellington Financial  Inc.,Financials,stock,S&P smallcap600 constituent as of 2026-10 (survivorship bias)
EFOR,Everforth Inc.,Information Technology,stock,S&P smallcap600 constituent as of 2026-10 (survivorship bias)
EGBN,Eagle Bancorp Inc,Financials,stock,S&P smallcap600 constituent as of 2026-10 (survivorship bias)
EIG,Employers Holdings  Inc.,Financials,stock,S&P smallcap600 constituent as of 2026-10 (survivorship bias)
EMN,Eastman Chemical Company,Materials,stock,S&P smallcap600 constituent as of 2026-10 (survivorship bias)
ENOV,Enovis,Health Care,stock,S&P smallcap600 constituent as of 2026-10 (survivorship bias)
ENPH,Enphase Energy,Information Technology,stock,S&P smallcap600 constituent as of 2026-10 (survivorship bias)
ENR,Energizer,Consumer Staples,stock,S&P smallcap600 constituent as of 2026-10 (survivorship bias)
ENVA,Enova International  Inc.,Financials,stock,S&P smallcap600 constituent as of 2026-10 (survivorship bias)
EPAC,Enerpac Tool Group,Industrials,stock,S&P smallcap600 constituent as of 2026-10 (survivorship bias)
EPAM,EPAM Systems,Information Technology,stock,S&P smallcap600 constituent as of 2026-10 (survivorship bias)
EPC,Edgewell Personal Care,Consumer Staples,stock,S&P smallcap600 constituent as of 2026-10 (survivorship bias)
EPRT,Essential Properties Realty Trust  Inc.,Real Estate,stock,S&P smallcap600 constituent as of 2026-10 (survivorship bias)
ESE,ESCO Technologies Inc.,Industrials,stock,S&P smallcap600 constituent as of 2026-10 (survivorship bias)
ESI,Element Solutions,Materials,stock,S&P smallcap600 constituent as of 2026-10 (survivorship bias)
ETSY,Etsy,Consumer Discretionary,stock,S&P smallcap600 constituent as of 2026-10 (survivorship bias)
EVTC,EVERTEC  Inc.,Financials,stock,S&P smallcap600 constituent as of 2026-10 (survivorship bias)
EXTR,Extreme Networks  Inc.,Information Technology,stock,S&P smallcap600 constituent as of 2026-10 (survivorship bias)
EYE,National Vision Holdings,Consumer Discretionary,stock,S&P smallcap600 constituent as of 2026-10 (survivorship bias)
EZPW,EZCORP  Inc.,Financials,stock,S&P smallcap600 constituent as of 2026-10 (survivorship bias)
FA,First Advantage Corporation,Industrials,stock,S&P smallcap600 constituent as of 2026-10 (survivorship bias)
FBK,FB Financial Corp.,Financials,stock,S&P smallcap600 constituent as of 2026-10 (survivorship bias)
FBNC,First Bancorp (Southern Pines NC),Financials,stock,S&P smallcap600 constituent as of 2026-10 (survivorship bias)
FBP,First BanCorp (Puerto Rico),Financials,stock,S&P smallcap600 constituent as of 2026-10 (survivorship bias)
FBRT,Franklin BSP Realty Trust  Inc.,Real Estate,stock,S&P smallcap600 constituent as of 2026-10 (survivorship bias)
FCF,First Commonwealth Financial  Corp.,Financials,stock,S&P smallcap600 constituent as of 2026-10 (survivorship bias)
FCPT,Four Corners Property Trust  Inc.,Real Estate,stock,S&P smallcap600 constituent as of 2026-10 (survivorship bias)
FELE,Franklin Electric,Industrials,stock,S&P smallcap600 constituent as of 2026-10 (survivorship bias)
FFBC,First Financial Bancorp,Financials,stock,S&P smallcap600 constituent as of 2026-10 (survivorship bias)
FG,F&G Annuities & Life  Inc.,Financials,stock,S&P smallcap600 constituent as of 2026-10 (survivorship bias)
FHB,First Hawaiian  Inc.,Financials,stock,S&P smallcap600 constituent as of 2026-10 (survivorship bias)
FIBK,First Interstate BancSystem  Inc.,Financials,stock,S&P smallcap600 constituent as of 2026-10 (survivorship bias)
FIVN,Five9  Inc.,Information Technology,stock,S&P smallcap600 constituent as of 2026-10 (survivorship bias)
FIZZ,National Beverage Corp.,Consumer Staples,stock,S&P smallcap600 constituent as of 2026-10 (survivorship bias)
FLO,Flowers Foods,Consumer Staples,stock,S&P smallcap600 constituent as of 2026-10 (survivorship bias)
FMC,FMC Corporation,Materials,stock,S&P smallcap600 constituent as of 2026-10 (survivorship bias)
FORM,FormFactor  Inc.,Information Technology,stock,S&P smallcap600 constituent as of 2026-10 (survivorship bias)
FOXF,Fox Factory,Consumer Discretionary,stock,S&P smallcap600 constituent as of 2026-10 (survivorship bias)
FRPT,Freshpet,Consumer Staples,stock,S&P smallcap600 constituent as of 2026-10 (survivorship bias)
FSS,Federal Signal Corporation,Industrials,stock,S&P smallcap600 constituent as of 2026-10 (survivorship bias)
FTDR,Frontdoor  Inc.,Consumer Discretionary,stock,S&P smallcap600 constituent as of 2026-10 (survivorship bias)
FTRE,Fortrea,Health Care,stock,S&P smallcap600 constituent as of 2026-10 (survivorship bias)
FUL,H.B. Fuller Company,Materials,stock,S&P smallcap600 constituent as of 2026-10 (survivorship bias)
FULT,Fulton Financial Corporation,Financials,stock,S&P smallcap600 constituent as of 2026-10 (survivorship bias)
FUN,Six Flags,Consumer Discretionary,stock,S&P smallcap600 constituent as of 2026-10 (survivorship bias)
GBX,The Greenbrier Companies  Inc.,Industrials,stock,S&P smallcap600 constituent as of 2026-10 (survivorship bias)
GEO,GEO Group  Inc.,Industrials,stock,S&P smallcap600 constituent as of 2026-10 (survivorship bias)
GFF,Griffon Corporation,Industrials,stock,S&P smallcap600 constituent as of 2026-10 (survivorship bias)
GIII,G-III Apparel Group  Ltd.,Consumer Discretionary,stock,S&P smallcap600 constituent as of 2026-10 (survivorship bias)
GKOS,Glaukos Corp.,Health Care,stock,S&P smallcap600 constituent as of 2026-10 (survivorship bias)
GNL,Global Net Lease  Inc.,Real Estate,stock,S&P smallcap600 constituent as of 2026-10 (survivorship bias)
GNW,Genworth Financial  Inc.,Financials,stock,S&P smallcap600 constituent as of 2026-10 (survivorship bias)
GO,Grocery Outlet,Consumer Staples,stock,S&P smallcap600 constituent as of 2026-10 (survivorship bias)
GOLF,Acushnet Company,Consumer Discretionary,stock,S&P smallcap600 constituent as of 2026-10 (survivorship bias)
GPI,Group 1 Automotive  Inc.,Consumer Discretionary,stock,S&P smallcap600 constituent as of 2026-10 (survivorship bias)
GPOR,Gulfport Energy Corporation,Energy,stock,S&P smallcap600 constituent as of 2026-10 (survivorship bias)
GRBK,Green Brick Partners  Inc.,Consumer Discretionary,stock,S&P smallcap600 constituent as of 2026-10 (survivorship bias)
GSHD,Goosehead Insurance  Inc.,Financials,stock,S&P smallcap600 constituent as of 2026-10 (survivorship bias)
GT,Goodyear Tire and Rubber Company,Consumer Discretionary,stock,S&P smallcap600 constituent as of 2026-10 (survivorship bias)
GTES,Gates Corporation,Industrials,stock,S&P smallcap600 constituent as of 2026-10 (survivorship bias)
GTM,ZoomInfo,Communication Services,stock,S&P smallcap600 constituent as of 2026-10 (survivorship bias)
GTY,Getty Realty Corp.,Real Estate,stock,S&P smallcap600 constituent as of 2026-10 (survivorship bias)
GVA,Granite Construction  Inc.,Industrials,stock,S&P smallcap600 constituent as of 2026-10 (survivorship bias)
HAFC,Hanmi Financial Corporation,Financials,stock,S&P smallcap600 constituent as of 2026-10 (survivorship bias)
HASI,Hannon Armstrong Sustainable Infrastructure Capital  Inc.,Financials,stock,S&P smallcap600 constituent as of 2026-10 (survivorship bias)
HAYW,Hayward Holdings  Inc.,Industrials,stock,S&P smallcap600 constituent as of 2026-10 (survivorship bias)
HCC,Warrior Met Coal  Inc.,Materials,stock,S&P smallcap600 constituent as of 2026-10 (survivorship bias)
HCI,HCI Group  Inc.,Financials,stock,S&P smallcap600 constituent as of 2026-10 (survivorship bias)
HCSG,Healthcare Services Group  Inc.,Industrials,stock,S&P smallcap600 constituent as of 2026-10 (survivorship bias)
HE,Hawaiian Electric Industries  Inc.,Utilities,stock,S&P smallcap600 constituent as of 2026-10 (survivorship bias)
HFWA,Heritage Financial Corporation,Financials,stock,S&P smallcap600 constituent as of 2026-10 (survivorship bias)
HIW,Highwoods Properties,Real Estate,stock,S&P smallcap600 constituent as of 2026-10 (survivorship bias)
HLIT,Harmonic Inc.,Information Technology,stock,S&P smallcap600 constituent as of 2026-10 (survivorship bias)
HLX,Helix Energy Solutions Group  Inc.,Energy,stock,S&P smallcap600 constituent as of 2026-10 (survivorship bias)
HMN,Horace Mann Educators Corporation,Financials,stock,S&P smallcap600 constituent as of 2026-10 (survivorship bias)
HNI,HNI Corporation,Industrials,stock,S&P smallcap600 constituent as of 2026-10 (survivorship bias)
HOPE,Hope Bancorp  Inc.,Financials,stock,S&P smallcap600 constituent as of 2026-10 (survivorship bias)
HP,Helmerich & Payne  Inc.,Energy,stock,S&P smallcap600 constituent as of 2026-10 (survivorship bias)
HRMY,Harmony Biosciences Holdings  Inc.,Health Care,stock,S&P smallcap600 constituent as of 2026-10 (survivorship bias)
HSTM,HealthStream  Inc.,Health Care,stock,S&P smallcap600 constituent as of 2026-10 (survivorship bias)
HTH,Hilltop Holdings Inc.,Financials,stock,S&P smallcap600 constituent as of 2026-10 (survivorship bias)
HTLD,Heartland Express  Inc.,Industrials,stock,S&P smallcap600 constituent as of 2026-10 (survivorship bias)
HTO,H2O America,Utilities,stock,S&P smallcap600 constituent as of 2026-10 (survivorship bias)
HUBG,Hub Group  Inc.,Industrials,stock,S&P smallcap600 constituent as of 2026-10 (survivorship bias)
HWKN,Hawkins  Inc.,Materials,stock,S&P smallcap600 constituent as of 2026-10 (survivorship bias)
HZO,MarineMax  Inc.,Consumer Discretionary,stock,S&P smallcap600 constituent as of 2026-10 (survivorship bias)
IART,Integra Lifesciences Holdings,Health Care,stock,S&P smallcap600 constituent as of 2026-10 (survivorship bias)
IBP,Installed Building Products  Inc.,Consumer Discretionary,stock,S&P smallcap600 constituent as of 2026-10 (survivorship bias)
ICHR,Ichor Holdings  Ltd.,Information Technology,stock,S&P smallcap600 constituent as of 2026-10 (survivorship bias)
ICUI,ICU Medical,Health Care,stock,S&P smallcap600 constituent as of 2026-10 (survivorship bias)
IIPR,Innovative Industrial Properties  Inc.,Real Estate,stock,S&P smallcap600 constituent as of 2026-10 (survivorship bias)
INDB,Independent Bank Corp.,Financials,stock,S&P smallcap600 constituent as of 2026-10 (survivorship bias)
INDV,Indivior,Health Care,stock,S&P smallcap600 constituent as of 2026-10 (survivorship bias)
INSP,Inspire Medical Systems  Inc.,Health Care,stock,S&P smallcap600 constituent as of 2026-10 (survivorship bias)
INSW,International Seaways  Inc.,Energy,stock,S&P smallcap600 constituent as of 2026-10 (survivorship bias)
INVA,Innoviva  Inc.,Health Care,stock,S&P smallcap600 constituent as of 2026-10 (survivorship bias)
INVX,Innovex International  Inc.,Energy,stock,S&P smallcap600 constituent as of 2026-10 (survivorship bias)
IOSP,Innospec  Inc.,Materials,stock,S&P smallcap600 constituent as of 2026-10 (survivorship bias)
IPAR,Inter Parfums  Inc.,Consumer Staples,stock,S&P smallcap600 constituent as of 2026-10 (survivorship bias)
IRDM,Iridium Communications,Communication Services,stock,S&P smallcap600 constituent as of 2026-10 (survivorship bias)
ITGR,Integer Holdings Corporation,Health Care,stock,S&P smallcap600 constituent as of 2026-10 (survivorship bias)
ITRI,Itron  Inc.,Information Technology,stock,S&P smallcap600 constituent as of 2026-10 (survivorship bias)
IVT,InvenTrust Properties,Real Estate,stock,S&P smallcap600 constituent as of 2026-10 (survivorship bias)
JBGS,JBG Smith,Real Estate,stock,S&P smallcap600 constituent as of 2026-10 (survivorship bias)
JBLU,JetBlue,Industrials,stock,S&P smallcap600 constituent as of 2026-10 (survivorship bias)
JBSS,John B. Sanfilippo & Son  Inc.,Consumer Staples,stock,S&P smallcap600 constituent as of 2026-10 (survivorship bias)
JBTM,JBT Marel Corporation,Industrials,stock,S&P smallcap600 constituent as of 2026-10 (survivorship bias)
JJSF,J&J Snack Foods Corp.,Consumer Staples,stock,S&P smallcap600 constituent as of 2026-10 (survivorship bias)
JOE,St. Joe Company,Real Estate,stock,S&P smallcap600 constituent as of 2026-10 (survivorship bias)
JXN,Jackson Financial  Inc.,Financials,stock,S&P smallcap600 constituent as of 2026-10 (survivorship bias)
KAI,Kadant Inc.,Industrials,stock,S&P smallcap600 constituent as of 2026-10 (survivorship bias)
KALU,Kaiser Aluminum Corporation,Materials,stock,S&P smallcap600 constituent as of 2026-10 (survivorship bias)
KFY,Korn/Ferry International,Industrials,stock,S&P smallcap600 constituent as of 2026-10 (survivorship bias)
KGS,Kodiak Gas Services  Inc.,Energy,stock,S&P smallcap600 constituent as of 2026-10 (survivorship bias)
KLIC,Kulicke and Soffa Industries  Inc.,Information Technology,stock,S&P smallcap600 constituent as of 2026-10 (survivorship bias)
KMPR,Kemper Corporation,Financials,stock,S&P smallcap600 constituent as of 2026-10 (survivorship bias)
KMT,Kennametal,Industrials,stock,S&P smallcap600 constituent as of 2026-10 (survivorship bias)
KMX,CarMax  Inc.,Consumer Discretionary,stock,S&P smallcap600 constituent as of 2026-10 (survivorship bias)
KN,Knowles Corporation,Information Technology,stock,S&P smallcap600 constituent as of 2026-10 (survivorship bias)
KNTK,Kinetik Holdings  Inc.,Energy,stock,S&P smallcap600 constituent as of 2026-10 (survivorship bias)
KOP,Koppers Holdings  Inc.,Materials,stock,S&P smallcap600 constituent as of 2026-10 (survivorship bias)
KRMN,Karman Holdings,Industrials,stock,S&P smallcap600 constituent as of 2026-10 (survivorship bias)
KSS,Kohl's Corp.,Consumer Discretionary,stock,S&P smallcap600 constituent as of 2026-10 (survivorship bias)
KTB,Kontoor Brands,Consumer Discretionary,stock,S&P smallcap600 constituent as of 2026-10 (survivorship bias)
KWR,Quaker Chemical Corporation,Materials,stock,S&P smallcap600 constituent as of 2026-10 (survivorship bias)
LAUR,Laureate Education  Inc.,Consumer Discretionary,stock,S&P smallcap600 constituent as of 2026-10 (survivorship bias)
LAZ,Lazard,Financials,stock,S&P smallcap600 constituent as of 2026-10 (survivorship bias)
LBRT,Liberty Energy  Inc.,Energy,stock,S&P smallcap600 constituent as of 2026-10 (survivorship bias)
LCII,LCI Industries,Consumer Discretionary,stock,S&P smallcap600 constituent as of 2026-10 (survivorship bias)
LEG,Leggett & Platt,Consumer Discretionary,stock,S&P smallcap600 constituent as of 2026-10 (survivorship bias)
LEU,Centrus Energy Corp.,Energy,stock,S&P smallcap600 constituent as of 2026-10 (survivorship bias)
LFST,Lifestance Health,Health Care,stock,S&P smallcap600 constituent as of 2026-10 (survivorship bias)
LGIH,LGI Homes,Consumer Discretionary,stock,S&P smallcap600 constituent as of 2026-10 (survivorship bias)
LIF,Life360,Information Technology,stock,S&P smallcap600 constituent as of 2026-10 (survivorship bias)
LGND,Ligand Pharmaceuticals  Inc.,Health Care,stock,S&P smallcap600 constituent as of 2026-10 (survivorship bias)
LKFN,Lakeland Financial,Financials,stock,S&P smallcap600 constituent as of 2026-10 (survivorship bias)
LKQ,LKQ Corporation,Consumer Discretionary,stock,S&P smallcap600 constituent as of 2026-10 (survivorship bias)
LMAT,LeMaitre Vascular,Health Care,stock,S&P smallcap600 constituent as of 2026-10 (survivorship bias)
LNC,Lincoln Financial,Financials,stock,S&P smallcap600 constituent as of 2026-10 (survivorship bias)
LNN,Lindsay Corporation,Materials,stock,S&P smallcap600 constituent as of 2026-10 (survivorship bias)
LPG,Dorian LPG Ltd.,Energy,stock,S&P smallcap600 constituent as of 2026-10 (survivorship bias)
LQDA,Liquidia Corporation,Health Care,stock,S&P smallcap600 constituent as of 2026-10 (survivorship bias)
LQDT,Liquidity Services  Inc.,Industrials,stock,S&P smallcap600 constituent as of 2026-10 (survivorship bias)
LRN,Stride  Inc.,Consumer Discretionary,stock,S&P smallcap600 constituent as of 2026-10 (survivorship bias)
LTC,LTC Properties  Inc.,Real Estate,stock,S&P smallcap600 constituent as of 2026-10 (survivorship bias)
LTH,Life Time Group Holdings  Inc.,Consumer Discretionary,stock,S&P smallcap600 constituent as of 2026-10 (survivorship bias)
LUMN,Lumen Technologies,Communication Services,stock,S&P smallcap600 constituent as of 2026-10 (survivorship bias)
LW,Lamb Weston,Consumer Staples,stock,S&P smallcap600 constituent as of 2026-10 (survivorship bias)
LXP,Lexington Realty Trust,Real Estate,stock,S&P smallcap600 constituent as of 2026-10 (survivorship bias)
LYFT,Lyft  Inc.,Industrials,stock,S&P smallcap600 constituent as of 2026-10 (survivorship bias)
LZ,LegalZoom.com  Inc.,Industrials,stock,S&P smallcap600 constituent as of 2026-10 (survivorship bias)
LZB,La-Z-Boy  Inc.,Consumer Discretionary,stock,S&P smallcap600 constituent as of 2026-10 (survivorship bias)
MAC,Macerich,Real Estate,stock,S&P smallcap600 constituent as of 2026-10 (survivorship bias)
MAN,ManpowerGroup,Industrials,stock,S&P smallcap600 constituent as of 2026-10 (survivorship bias)
MARA,MARA Holdings  Inc.,Information Technology,stock,S&P smallcap600 constituent as of 2026-10 (survivorship bias)
MATW,Matthews International Corporation,Consumer Discretionary,stock,S&P smallcap600 constituent as of 2026-10 (survivorship bias)
MATX,Matson  Inc.,Industrials,stock,S&P smallcap600 constituent as of 2026-10 (survivorship bias)
MBC,MasterBrand  Inc.,Industrials,stock,S&P smallcap600 constituent as of 2026-10 (survivorship bias)
MBGL,Mobility Global  Inc.,Industrials,stock,S&P smallcap600 constituent as of 2026-10 (survivorship bias)
MBIN,Merchants Bancorp,Financials,stock,S&P smallcap600 constituent as of 2026-10 (survivorship bias)
MC,Moelis & Company,Financials,stock,S&P smallcap600 constituent as of 2026-10 (survivorship bias)
MCRI,Monarch Casino & Resort  Inc.,Consumer Discretionary,stock,S&P smallcap600 constituent as of 2026-10 (survivorship bias)
MCY,Mercury General,Financials,stock,S&P smallcap600 constituent as of 2026-10 (survivorship bias)
MD,Pediatrix Medical Group,Health Care,stock,S&P smallcap600 constituent as of 2026-10 (survivorship bias)
MDU,MDU Resources Group  Inc.,Utilities,stock,S&P smallcap600 constituent as of 2026-10 (survivorship bias)
MFP,Midera Food Processing  Inc.,Industrials,stock,S&P smallcap600 constituent as of 2026-10 (survivorship bias)
MGEE,MGE Energy  Inc.,Utilities,stock,S&P smallcap600 constituent as of 2026-10 (survivorship bias)
MGY,Magnolia Oil & Gas  Corp.,Energy,stock,S&P smallcap600 constituent as of 2026-10 (survivorship bias)
MHK,Mohawk Industries,Consumer Discretionary,stock,S&P smallcap600 constituent as of 2026-10 (survivorship bias)
MHO,M/I Homes  Inc.,Consumer Discretionary,stock,S&P smallcap600 constituent as of 2026-10 (survivorship bias)
MIR,Mirion Technologies  Inc.,Information Technology,stock,S&P smallcap600 constituent as of 2026-10 (survivorship bias)
MKTX,MarketAxess,Financials,stock,S&P smallcap600 constituent as of 2026-10 (survivorship bias)
MLKN,MillerKnoll  Inc.,Industrials,stock,S&P smallcap600 constituent as of 2026-10 (survivorship bias)
MMI,Marcus & Millichap  Inc.,Real Estate,stock,S&P smallcap600 constituent as of 2026-10 (survivorship bias)
MMSI,Merit Medical Systems  Inc.,Health Care,stock,S&P smallcap600 constituent as of 2026-10 (survivorship bias)
MPT,Medical Properties Trust,Real Estate,stock,S&P smallcap600 constituent as of 2026-10 (survivorship bias)
MRCY,Mercury Systems,Industrials,stock,S&P smallcap600 constituent as of 2026-10 (survivorship bias)
MRP,Millrose Properties  Inc.,Real Estate,stock,S&P smallcap600 constituent as of 2026-10 (survivorship bias)
MRTN,Marten Transport  Ltd.,Industrials,stock,S&P smallcap600 constituent as of 2026-10 (survivorship bias)
MSEX,Middlesex Water Company,Utilities,stock,S&P smallcap600 constituent as of 2026-10 (survivorship bias)
MSGS,Madison Square Garden Sports Corp.,Communication Services,stock,S&P smallcap600 constituent as of 2026-10 (survivorship bias)
MTCH,Match Group,Communication Services,stock,S&P smallcap600 constituent as of 2026-10 (survivorship bias)
MTH,Meritage Homes Corporation,Consumer Discretionary,stock,S&P smallcap600 constituent as of 2026-10 (survivorship bias)
MTRN,Materion Corp.,Materials,stock,S&P smallcap600 constituent as of 2026-10 (survivorship bias)
MTUS,Metallus Inc,Materials,stock,S&P smallcap600 constituent as of 2026-10 (survivorship bias)
MTX,Minerals Technologies,Materials,stock,S&P smallcap600 constituent as of 2026-10 (survivorship bias)
MWA,Mueller Water Products,Industrials,stock,S&P smallcap600 constituent as of 2026-10 (survivorship bias)
MXL,MaxLinear  Inc.,Information Technology,stock,S&P smallcap600 constituent as of 2026-10 (survivorship bias)
MYRG,MYR Group  Inc.,Industrials,stock,S&P smallcap600 constituent as of 2026-10 (survivorship bias)
NABL,N-able  Inc.,Information Technology,stock,S&P smallcap600 constituent as of 2026-10 (survivorship bias)
NATL,NCR Atleos,Financials,stock,S&P smallcap600 constituent as of 2026-10 (survivorship bias)
NAVI,Navient,Financials,stock,S&P smallcap600 constituent as of 2026-10 (survivorship bias)
NBHC,National Bank Holdings Corporation,Financials,stock,S&P smallcap600 constituent as of 2026-10 (survivorship bias)
NBTB,NBT Bancorp  Inc.,Financials,stock,S&P smallcap600 constituent as of 2026-10 (survivorship bias)
NE,Noble Corporation,Energy,stock,S&P smallcap600 constituent as of 2026-10 (survivorship bias)
NEO,NeoGenomics Laboratories  Inc.,Health Care,stock,S&P smallcap600 constituent as of 2026-10 (survivorship bias)
NEOG,Neogen,Health Care,stock,S&P smallcap600 constituent as of 2026-10 (survivorship bias)
NGVT,Ingevity  Corp.,Materials,stock,S&P smallcap600 constituent as of 2026-10 (survivorship bias)
NHC,National Healthcare  Corp.,Health Care,stock,S&P smallcap600 constituent as of 2026-10 (survivorship bias)
NHI,National Health Investors  Inc.,Real Estate,stock,S&P smallcap600 constituent as of 2026-10 (survivorship bias)
NIC,Nicolet Bankshares,Financials,stock,S&P smallcap600 constituent as of 2026-10 (survivorship bias)
NMIH,NMI Holdings  Inc.,Financials,stock,S&P smallcap600 constituent as of 2026-10 (survivorship bias)
NOG,Northern Oil and Gas  Inc.,Energy,stock,S&P smallcap600 constituent as of 2026-10 (survivorship bias)
NPK,National Presto Industries  Inc.,Industrials,stock,S&P smallcap600 constituent as of 2026-10 (survivorship bias)
NPO,EnPro Industries  Inc.,Industrials,stock,S&P smallcap600 constituent as of 2026-10 (survivorship bias)
NSIT,Insight Enterprises  Inc.,Industrials,stock,S&P smallcap600 constituent as of 2026-10 (survivorship bias)
NSP,Insperity,Industrials,stock,S&P smallcap600 constituent as of 2026-10 (survivorship bias)
NSSC,Napco Security Technologies,Information Technology,stock,S&P smallcap600 constituent as of 2026-10 (survivorship bias)
NTCT,NETSCOUT Systems  Inc.,Information Technology,stock,S&P smallcap600 constituent as of 2026-10 (survivorship bias)
NTST,NETSTREIT Corp.,Real Estate,stock,S&P smallcap600 constituent as of 2026-10 (survivorship bias)
NWBI,Northwest Bancshares  Inc.,Financials,stock,S&P smallcap600 constituent as of 2026-10 (survivorship bias)
NWL,Newell Brands,Consumer Discretionary,stock,S&P smallcap600 constituent as of 2026-10 (survivorship bias)
NWN,NW Natural,Utilities,stock,S&P smallcap600 constituent as of 2026-10 (survivorship bias)
NX,Quanex Building Products Corporation,Industrials,stock,S&P smallcap600 constituent as of 2026-10 (survivorship bias)
NXRT,NexPoint Residential Trust  Inc.,Real Estate,stock,S&P smallcap600 constituent as of 2026-10 (survivorship bias)
OFG,OFG Bancorp,Financials,stock,S&P smallcap600 constituent as of 2026-10 (survivorship bias)
OGN,Organon & Co.,Health Care,stock,S&P smallcap600 constituent as of 2026-10 (survivorship bias)
OI,O-I Glass  Inc.,Materials,stock,S&P smallcap600 constituent as of 2026-10 (survivorship bias)
OII,Oceaneering International  Inc.,Energy,stock,S&P smallcap600 constituent as of 2026-10 (survivorship bias)
OMCL,Omnicell,Health Care,stock,S&P smallcap600 constituent as of 2026-10 (survivorship bias)
OPLN,OPENLANE  Inc.,Industrials,stock,S&P smallcap600 constituent as of 2026-10 (survivorship bias)
OSIS,OSI Systems  Inc.,Information Technology,stock,S&P smallcap600 constituent as of 2026-10 (survivorship bias)
OSW,OneSpaWorld Holdings Limited,Consumer Discretionary,stock,S&P smallcap600 constituent as of 2026-10 (survivorship bias)
OTTR,Otter Tail Corporation,Utilities,stock,S&P smallcap600 constituent as of 2026-10 (survivorship bias)
OUT,Outfront Media,Real Estate,stock,S&P smallcap600 constituent as of 2026-10 (survivorship bias)
PAHC,Phibro Animal Health,Health Care,stock,S&P smallcap600 constituent as of 2026-10 (survivorship bias)
PARR,Par Pacific Holdings  Inc.,Energy,stock,S&P smallcap600 constituent as of 2026-10 (survivorship bias)
PAYC,Paycom,Industrials,stock,S&P smallcap600 constituent as of 2026-10 (survivorship bias)
PAYO,Payoneer Global Inc.,Financials,stock,S&P smallcap600 constituent as of 2026-10 (survivorship bias)
PATK,Patrick Industries  Inc.,Consumer Discretionary,stock,S&P smallcap600 constituent as of 2026-10 (survivorship bias)
PBH,Prestige Consumer Healthcare,Health Care,stock,S&P smallcap600 constituent as of 2026-10 (survivorship bias)
PBI,Pitney Bowes  Inc.,Industrials,stock,S&P smallcap600 constituent as of 2026-10 (survivorship bias)
PCRX,Pacira BioSciences  Inc.,Health Care,stock,S&P smallcap600 constituent as of 2026-10 (survivorship bias)
PDFS,PDF Solutions  Inc.,Information Technology,stock,S&P smallcap600 constituent as of 2026-10 (survivorship bias)
PEB,Pebblebrook Hotel Trust,Real Estate,stock,S&P smallcap600 constituent as of 2026-10 (survivorship bias)
PECO,Phillips Edison & Company,Real Estate,stock,S&P smallcap600 constituent as of 2026-10 (survivorship bias)
PENG,Penguin Solutions  Inc.,Information Technology,stock,S&P smallcap600 constituent as of 2026-10 (survivorship bias)
PENN,Penn Entertainment,Consumer Discretionary,stock,S&P smallcap600 constituent as of 2026-10 (survivorship bias)
PFBC,Preferred Bank,Financials,stock,S&P smallcap600 constituent as of 2026-10 (survivorship bias)
PFS,Provident Financial Services  Inc.,Financials,stock,S&P smallcap600 constituent as of 2026-10 (survivorship bias)
PGNY,Progyny  Inc.,Health Care,stock,S&P smallcap600 constituent as of 2026-10 (survivorship bias)
PHIN,PHINIA  Inc.,Consumer Discretionary,stock,S&P smallcap600 constituent as of 2026-10 (survivorship bias)
PI,Impinj  Inc.,Information Technology,stock,S&P smallcap600 constituent as of 2026-10 (survivorship bias)
PIPR,Piper Sandler Companies,Financials,stock,S&P smallcap600 constituent as of 2026-10 (survivorship bias)
PJT,PJT Partners  Inc.,Financials,stock,S&P smallcap600 constituent as of 2026-10 (survivorship bias)
PLAB,Photronics  Inc.,Information Technology,stock,S&P smallcap600 constituent as of 2026-10 (survivorship bias)
PLMR,Palomar Holdings  Inc.,Financials,stock,S&P smallcap600 constituent as of 2026-10 (survivorship bias)
PLUS,ePlus  Inc.,Information Technology,stock,S&P smallcap600 constituent as of 2026-10 (survivorship bias)
PLXS,Plexus Corp.,Information Technology,stock,S&P smallcap600 constituent as of 2026-10 (survivorship bias)
PMT,PennyMac Mortgage Investment Trust,Real Estate,stock,S&P smallcap600 constituent as of 2026-10 (survivorship bias)
POOL,Pool Corporation,Consumer Discretionary,stock,S&P smallcap600 constituent as of 2026-10 (survivorship bias)
POWI,Power Integrations,Information Technology,stock,S&P smallcap600 constituent as of 2026-10 (survivorship bias)
POWL,Powell Industries  Inc.,Industrials,stock,S&P smallcap600 constituent as of 2026-10 (survivorship bias)
PPLI,People Inc.,Communication Services,stock,S&P smallcap600 constituent as of 2026-10 (survivorship bias)
PRDO,Perdoceo Education Corp.,Consumer Discretionary,stock,S&P smallcap600 constituent as of 2026-10 (survivorship bias)
PRG,PROG Holdings  Inc.,Financials,stock,S&P smallcap600 constituent as of 2026-10 (survivorship bias)
PRGO,Perrigo,Health Care,stock,S&P smallcap600 constituent as of 2026-10 (survivorship bias)
PRGS,Progress Software Corporation,Information Technology,stock,S&P smallcap600 constituent as of 2026-10 (survivorship bias)
PRIM,Primoris Services Corporation,Industrials,stock,S&P smallcap600 constituent as of 2026-10 (survivorship bias)
PRK,Park National Corp.,Financials,stock,S&P smallcap600 constituent as of 2026-10 (survivorship bias)
PRKS,United Parks & Resorts,Consumer Discretionary,stock,S&P smallcap600 constituent as of 2026-10 (survivorship bias)
PRLB,Protolabs,Industrials,stock,S&P smallcap600 constituent as of 2026-10 (survivorship bias)
PRSU,Pursuit Attractions & Hospitality  Inc.,Consumer Discretionary,stock,S&P smallcap600 constituent as of 2026-10 (survivorship bias)
PRVA,Privia Health Group  Inc.,Health Care,stock,S&P smallcap600 constituent as of 2026-10 (survivorship bias)
PSMT,PriceSmart,Consumer Staples,stock,S&P smallcap600 constituent as of 2026-10 (survivorship bias)
PTCT,PTC Therapeutics  Inc.,Health Care,stock,S&P smallcap600 constituent as of 2026-10 (survivorship bias)
PTEN,Patterson-UTI Energy  Inc.,Energy,stock,S&P smallcap600 constituent as of 2026-10 (survivorship bias)
PTGX,Protagonist Therapeutics  Inc.,Health Care,stock,S&P smallcap600 constituent as of 2026-10 (survivorship bias)
PTON,Peloton Interactive  Inc.,Consumer Discretionary,stock,S&P smallcap600 constituent as of 2026-10 (survivorship bias)
PZZA,Papa John's Pizza,Consumer Discretionary,stock,S&P smallcap600 constituent as of 2026-10 (survivorship bias)
QDEL,QuidelOrtho,Health Care,stock,S&P smallcap600 constituent as of 2026-10 (survivorship bias)
QNST,QuinStreet  Inc.,Communication Services,stock,S&P smallcap600 constituent as of 2026-10 (survivorship bias)
QRVO,Qorvo,Information Technology,stock,S&P smallcap600 constituent as of 2026-10 (survivorship bias)
QTWO,Q2 Holdings  Inc.,Information Technology,stock,S&P smallcap600 constituent as of 2026-10 (survivorship bias)
RAMP,LiveRamp Holdings  Inc.,Information Technology,stock,S&P smallcap600 constituent as of 2026-10 (survivorship bias)
RAL,Ralliant Corp,Information Technology,stock,S&P smallcap600 constituent as of 2026-10 (survivorship bias)
RCUS,Arcus Biosciences  Inc.,Health Care,stock,S&P smallcap600 constituent as of 2026-10 (survivorship bias)
RDN,Radian Group  Inc.,Financials,stock,S&P smallcap600 constituent as of 2026-10 (survivorship bias)
RDNT,RadNet  Inc.,Health Care,stock,S&P smallcap600 constituent as of 2026-10 (survivorship bias)
RELY,Remitly,Financials,stock,S&P smallcap600 constituent as of 2026-10 (survivorship bias)
RES,RPC  Inc.,Energy,stock,S&P smallcap600 constituent as of 2026-10 (survivorship bias)
REYN,Reynolds Consumer Products,Consumer Staples,stock,S&P smallcap600 constituent as of 2026-10 (survivorship bias)
REX,REX American Resources Corporation,Energy,stock,S&P smallcap600 constituent as of 2026-10 (survivorship bias)
REZI,Resideo Technologies  Inc.,Industrials,stock,S&P smallcap600 constituent as of 2026-10 (survivorship bias)
RHI,Robert Half,Industrials,stock,S&P smallcap600 constituent as of 2026-10 (survivorship bias)
RHP,Ryman Hospitality Properties,Real Estate,stock,S&P smallcap600 constituent as of 2026-10 (survivorship bias)
RITM,Rithm Capital,Financials,stock,S&P smallcap600 constituent as of 2026-10 (survivorship bias)
RNG,RingCentral  Inc.,Information Technology,stock,S&P smallcap600 constituent as of 2026-10 (survivorship bias)
RNST,Renasant Corp.,Financials,stock,S&P smallcap600 constituent as of 2026-10 (survivorship bias)
ROAD,Construction Partners  Inc.,Industrials,stock,S&P smallcap600 constituent as of 2026-10 (survivorship bias)
ROCK,Gibraltar Industries  Inc.,Industrials,stock,S&P smallcap600 constituent as of 2026-10 (survivorship bias)
ROG,Rogers Corporation,Information Technology,stock,S&P smallcap600 constituent as of 2026-10 (survivorship bias)
RRR,Red Rock Resorts  Inc.,Consumer Discretionary,stock,S&P smallcap600 constituent as of 2026-10 (survivorship bias)
RSI,Rush Street Interactive  Inc.,Consumer Discretionary,stock,S&P smallcap600 constituent as of 2026-10 (survivorship bias)
RUN,Sunrun,Industrials,stock,S&P smallcap600 constituent as of 2026-10 (survivorship bias)
RUSHA,Rush Enterprises,Industrials,stock,S&P smallcap600 constituent as of 2026-10 (survivorship bias)
RXO,RXO  Inc.,Industrials,stock,S&P smallcap600 constituent as of 2026-10 (survivorship bias)
SAFE,Safehold  Inc.,Real Estate,stock,S&P smallcap600 constituent as of 2026-10 (survivorship bias)
SABR,Sabre,Consumer Discretionary,stock,S&P smallcap600 constituent as of 2026-10 (survivorship bias)
SAFT,Safety Insurance Group  Inc.,Financials,stock,S&P smallcap600 constituent as of 2026-10 (survivorship bias)
SAH,Sonic Automotive  Inc.,Consumer Discretionary,stock,S&P smallcap600 constituent as of 2026-10 (survivorship bias)
SBCF,Seacoast Banking Corporation of Florida,Financials,stock,S&P smallcap600 constituent as of 2026-10 (survivorship bias)
SBH,Sally Beauty Holdings  Inc.,Consumer Discretionary,stock,S&P smallcap600 constituent as of 2026-10 (survivorship bias)
SBSI,Southside Bancshares  Inc.,Financials,stock,S&P smallcap600 constituent as of 2026-10 (survivorship bias)
SCHL,Scholastic Corporation,Consumer Discretionary,stock,S&P smallcap600 constituent as of 2026-10 (survivorship bias)
SCL,Stepan Company,Materials,stock,S&P smallcap600 constituent as of 2026-10 (survivorship bias)
SCSC,ScanSource  Inc.,Information Technology,stock,S&P smallcap600 constituent as of 2026-10 (survivorship bias)
SDGR,Schrödinger  Inc.,Health Care,stock,S&P smallcap600 constituent as of 2026-10 (survivorship bias)
SEDG,SolarEdge,Information Technology,stock,S&P smallcap600 constituent as of 2026-10 (survivorship bias)
SEI,Solaris Energy Infrastructure  Inc.,Energy,stock,S&P smallcap600 constituent as of 2026-10 (survivorship bias)
SEZL,Sezzle,Financials,stock,S&P smallcap600 constituent as of 2026-10 (survivorship bias)
SFBS,ServisFirst Bancshares  Inc.,Financials,stock,S&P smallcap600 constituent as of 2026-10 (survivorship bias)
SFNC,Simmons First National Corporation,Financials,stock,S&P smallcap600 constituent as of 2026-10 (survivorship bias)
SHAK,Shake Shack  Inc.,Consumer Discretionary,stock,S&P smallcap600 constituent as of 2026-10 (survivorship bias)
SHEN,Shenandoah Telecommunications Co,Communication Services,stock,S&P smallcap600 constituent as of 2026-10 (survivorship bias)
SHO,Sunstone Hotel Investors  Inc.,Real Estate,stock,S&P smallcap600 constituent as of 2026-10 (survivorship bias)
SHOO,Steven Madden  Ltd.,Consumer Discretionary,stock,S&P smallcap600 constituent as of 2026-10 (survivorship bias)
SIG,Signet Jewelers,Consumer Discretionary,stock,S&P smallcap600 constituent as of 2026-10 (survivorship bias)
SKT,Tanger Factory Outlet Centers  Inc.,Real Estate,stock,S&P smallcap600 constituent as of 2026-10 (survivorship bias)
SKY,Champion Homes  Inc.,Consumer Discretionary,stock,S&P smallcap600 constituent as of 2026-10 (survivorship bias)
SKYW,SkyWest  Inc.,Industrials,stock,S&P smallcap600 constituent as of 2026-10 (survivorship bias)
SLG,SL Green Realty,Real Estate,stock,S&P smallcap600 constituent as of 2026-10 (survivorship bias)
SLVM,Sylvamo Corp.,Materials,stock,S&P smallcap600 constituent as of 2026-10 (survivorship bias)
SM,SM Energy Company,Energy,stock,S&P smallcap600 constituent as of 2026-10 (survivorship bias)
SMP,Standard Motor Products  Inc.,Consumer Discretionary,stock,S&P smallcap600 constituent as of 2026-10 (survivorship bias)
SMPL,Simply Good Foods Company,Consumer Staples,stock,S&P smallcap600 constituent as of 2026-10 (survivorship bias)
SNDR,Schneider National,Industrials,stock,S&P smallcap600 constituent as of 2026-10 (survivorship bias)
SNEX,StoneX Group Inc.,Financials,stock,S&P smallcap600 constituent as of 2026-10 (survivorship bias)
SONO,Sonos  Inc.,Consumer Discretionary,stock,S&P smallcap600 constituent as of 2026-10 (survivorship bias)
SPHR,Sphere Entertainment,Communication Services,stock,S&P smallcap600 constituent as of 2026-10 (survivorship bias)
SPNT,SiriusPoint Ltd.,Financials,stock,S&P smallcap600 constituent as of 2026-10 (survivorship bias)
SPSC,SPS Commerce  Inc.,Information Technology,stock,S&P smallcap600 constituent as of 2026-10 (survivorship bias)
SRPT,Sarepta Therapeutics,Health Care,stock,S&P smallcap600 constituent as of 2026-10 (survivorship bias)
STAA,STAAR Surgical Company,Health Care,stock,S&P smallcap600 constituent as of 2026-10 (survivorship bias)
STBA,S&T Bancorp  Inc.,Financials,stock,S&P smallcap600 constituent as of 2026-10 (survivorship bias)
STC,Stewart Information Services Corporation,Financials,stock,S&P smallcap600 constituent as of 2026-10 (survivorship bias)
STEP,StepStone Group,Financials,stock,S&P smallcap600 constituent as of 2026-10 (survivorship bias)
STRA,Strategic Education  Inc.,Consumer Discretionary,stock,S&P smallcap600 constituent as of 2026-10 (survivorship bias)
SUPN,Supernus Pharmaceuticals  Inc.,Health Care,stock,S&P smallcap600 constituent as of 2026-10 (survivorship bias)
SXI,Standex International Corporation,Industrials,stock,S&P smallcap600 constituent as of 2026-10 (survivorship bias)
SXT,Sensient Technologies,Materials,stock,S&P smallcap600 constituent as of 2026-10 (survivorship bias)
TALO,Talos Energy  Inc.,Energy,stock,S&P smallcap600 constituent as of 2026-10 (survivorship bias)
TBBK,The Bancorp  Inc.,Financials,stock,S&P smallcap600 constituent as of 2026-10 (survivorship bias)
TDC,Teradata,Information Technology,stock,S&P smallcap600 constituent as of 2026-10 (survivorship bias)
TDS,Telephone and Data Systems  Inc.,Communication Services,stock,S&P smallcap600 constituent as of 2026-10 (survivorship bias)
TDW,Tidewater  Inc.,Energy,stock,S&P smallcap600 constituent as of 2026-10 (survivorship bias)
TFIN,Triumph Bancorp  Inc.,Financials,stock,S&P smallcap600 constituent as of 2026-10 (survivorship bias)
TFX,Teleflex,Health Care,stock,S&P smallcap600 constituent as of 2026-10 (survivorship bias)
TGTX,TG Therapeutics  Inc.,Health Care,stock,S&P smallcap600 constituent as of 2026-10 (survivorship bias)
THRM,Gentherm Incorporated,Consumer Discretionary,stock,S&P smallcap600 constituent as of 2026-10 (survivorship bias)
TILE,Interface  Inc.,Industrials,stock,S&P smallcap600 constituent as of 2026-10 (survivorship bias)
TMDX,TransMedics Group  Inc.,Health Care,stock,S&P smallcap600 constituent as of 2026-10 (survivorship bias)
TMP,Tompkins Financial Corporation,Financials,stock,S&P smallcap600 constituent as of 2026-10 (survivorship bias)
TNC,Tennant Company,Industrials,stock,S&P smallcap600 constituent as of 2026-10 (survivorship bias)
TNDM,Tandem Diabetes Care,Health Care,stock,S&P smallcap600 constituent as of 2026-10 (survivorship bias)
TPC,Tutor Perini Corporation,Industrials,stock,S&P smallcap600 constituent as of 2026-10 (survivorship bias)
TR,Tootsie Roll Industries  Inc.,Consumer Staples,stock,S&P smallcap600 constituent as of 2026-10 (survivorship bias)
TRIP,TripAdvisor,Communication Services,stock,S&P smallcap600 constituent as of 2026-10 (survivorship bias)
TRMK,Trustmark Corp.,Financials,stock,S&P smallcap600 constituent as of 2026-10 (survivorship bias)
TRN,Trinity Industries  Inc.,Industrials,stock,S&P smallcap600 constituent as of 2026-10 (survivorship bias)
TRNO,Terreno Realty Corporation,Real Estate,stock,S&P smallcap600 constituent as of 2026-10 (survivorship bias)
TRST,TrustCo Bank Corp NY,Financials,stock,S&P smallcap600 constituent as of 2026-10 (survivorship bias)
TRUP,Trupanion,Financials,stock,S&P smallcap600 constituent as of 2026-10 (survivorship bias)
UA,Under Armour (Class C),Consumer Discretionary,stock,S&P smallcap600 constituent as of 2026-10 (survivorship bias)
UAA,Under Armour (Class A),Consumer Discretionary,stock,S&P smallcap600 constituent as of 2026-10 (survivorship bias)
UCB,United Community Banks  Inc.,Financials,stock,S&P smallcap600 constituent as of 2026-10 (survivorship bias)
UCTT,Ultra Clean Holdings  Inc.,Information Technology,stock,S&P smallcap600 constituent as of 2026-10 (survivorship bias)
UE,Urban Edge Properties,Real Estate,stock,S&P smallcap600 constituent as of 2026-10 (survivorship bias)
UFCS,United Fire Group  Inc.,Financials,stock,S&P smallcap600 constituent as of 2026-10 (survivorship bias)
UFPT,UFP Technologies  Inc.,Health Care,stock,S&P smallcap600 constituent as of 2026-10 (survivorship bias)
UNF,UniFirst Corporation,Industrials,stock,S&P smallcap600 constituent as of 2026-10 (survivorship bias)
UNFI,United Natural Foods Inc,Consumer Staples,stock,S&P smallcap600 constituent as of 2026-10 (survivorship bias)
UNIT,Uniti Group,Communication Services,stock,S&P smallcap600 constituent as of 2026-10 (survivorship bias)
UPBD,Upbound Group  Inc.,Consumer Discretionary,stock,S&P smallcap600 constituent as of 2026-10 (survivorship bias)
UPWK,Upwork  Inc.,Industrials,stock,S&P smallcap600 constituent as of 2026-10 (survivorship bias)
URBN,Urban Outfitters  Inc.,Consumer Discretionary,stock,S&P smallcap600 constituent as of 2026-10 (survivorship bias)
USLM,United States Lime & Minerals  Inc.,Materials,stock,S&P smallcap600 constituent as of 2026-10 (survivorship bias)
USPH,U.S. Physical Therapy  Inc.,Health Care,stock,S&P smallcap600 constituent as of 2026-10 (survivorship bias)
UTI,Universal Technical Institute,Consumer Discretionary,stock,S&P smallcap600 constituent as of 2026-10 (survivorship bias)
UTL,Unitil Corporation,Utilities,stock,S&P smallcap600 constituent as of 2026-10 (survivorship bias)
UVV,Universal Corporation,Consumer Staples,stock,S&P smallcap600 constituent as of 2026-10 (survivorship bias)
VAC,Marriott Vacations Worldwide,Consumer Discretionary,stock,S&P smallcap600 constituent as of 2026-10 (survivorship bias)
VCEL,Vericel,Health Care,stock,S&P smallcap600 constituent as of 2026-10 (survivorship bias)
VCTR,Victory Capital Holdings  Inc.,Financials,stock,S&P smallcap600 constituent as of 2026-10 (survivorship bias)
VCYT,Veracyte  Inc.,Health Care,stock,S&P smallcap600 constituent as of 2026-10 (survivorship bias)
VECO,Veeco Instruments Inc.,Information Technology,stock,S&P smallcap600 constituent as of 2026-10 (survivorship bias)
VGNT,Versigent PLC,Consumer Discretionary,stock,S&P smallcap600 constituent as of 2026-10 (survivorship bias)
VIR,Vir Biotechnology  Inc.,Health Care,stock,S&P smallcap600 constituent as of 2026-10 (survivorship bias)
VIRT,Virtu Financial  Inc.,Financials,stock,S&P smallcap600 constituent as of 2026-10 (survivorship bias)
VRRM,Verra Mobility Corporation,Industrials,stock,S&P smallcap600 constituent as of 2026-10 (survivorship bias)
VRTS,Virtus Investment Partners  Inc.,Financials,stock,S&P smallcap600 constituent as of 2026-10 (survivorship bias)
VSAT,Viasat  Inc.,Information Technology,stock,S&P smallcap600 constituent as of 2026-10 (survivorship bias)
VSEC,VSE Corporation,Industrials,stock,S&P smallcap600 constituent as of 2026-10 (survivorship bias)
VSH,Vishay Intertechnology,Information Technology,stock,S&P smallcap600 constituent as of 2026-10 (survivorship bias)
VSNT,Versant Media Group  Inc.,Communication Services,stock,S&P smallcap600 constituent as of 2026-10 (survivorship bias)
VSTS,Vestis,Industrials,stock,S&P smallcap600 constituent as of 2026-10 (survivorship bias)
VSXY,Victoria's Secret,Consumer Discretionary,stock,S&P smallcap600 constituent as of 2026-10 (survivorship bias)
VTOL,Bristow Group Inc.,Energy,stock,S&P smallcap600 constituent as of 2026-10 (survivorship bias)
VVX,V2X  Inc.,Industrials,stock,S&P smallcap600 constituent as of 2026-10 (survivorship bias)
VYX,NCR Voyix,Information Technology,stock,S&P smallcap600 constituent as of 2026-10 (survivorship bias)
WABC,Westamerica Bank,Financials,stock,S&P smallcap600 constituent as of 2026-10 (survivorship bias)
WAFD,WaFd  Inc.,Financials,stock,S&P smallcap600 constituent as of 2026-10 (survivorship bias)
WAY,Waystar Holding Corp,Health Care,stock,S&P smallcap600 constituent as of 2026-10 (survivorship bias)
WD,Walker & Dunlop  Inc.,Financials,stock,S&P smallcap600 constituent as of 2026-10 (survivorship bias)
WDFC,WD-40 Company,Consumer Staples,stock,S&P smallcap600 constituent as of 2026-10 (survivorship bias)
WEN,The Wendy's Company,Consumer Discretionary,stock,S&P smallcap600 constituent as of 2026-10 (survivorship bias)
WERN,Werner Enterprises,Industrials,stock,S&P smallcap600 constituent as of 2026-10 (survivorship bias)
WGO,Winnebago Industries  Inc.,Consumer Discretionary,stock,S&P smallcap600 constituent as of 2026-10 (survivorship bias)
WHD,Cactus  Inc.,Energy,stock,S&P smallcap600 constituent as of 2026-10 (survivorship bias)
WINA,Winmark,Consumer Discretionary,stock,S&P smallcap600 constituent as of 2026-10 (survivorship bias)
WKC,World Kinect Corporation,Energy,stock,S&P smallcap600 constituent as of 2026-10 (survivorship bias)
WLY,John Wiley & Sons,Communication Services,stock,S&P smallcap600 constituent as of 2026-10 (survivorship bias)
WOR,Worthington Enterprises,Industrials,stock,S&P smallcap600 constituent as of 2026-10 (survivorship bias)
WRBY,Warby Parker,Consumer Discretionary,stock,S&P smallcap600 constituent as of 2026-10 (survivorship bias)
WRLD,World Acceptance Corporation,Financials,stock,S&P smallcap600 constituent as of 2026-10 (survivorship bias)
WS,Worthington Steel,Materials,stock,S&P smallcap600 constituent as of 2026-10 (survivorship bias)
WSBC,WesBanco,Financials,stock,S&P smallcap600 constituent as of 2026-10 (survivorship bias)
WSC,WillScot Holdings Corp.,Industrials,stock,S&P smallcap600 constituent as of 2026-10 (survivorship bias)
WSFS,WSFS Financial Corporation,Financials,stock,S&P smallcap600 constituent as of 2026-10 (survivorship bias)
WT,WisdomTree Investments  Inc.,Financials,stock,S&P smallcap600 constituent as of 2026-10 (survivorship bias)
WU,Western Union,Financials,stock,S&P smallcap600 constituent as of 2026-10 (survivorship bias)
WWW,Wolverine World Wide  Inc.,Consumer Discretionary,stock,S&P smallcap600 constituent as of 2026-10 (survivorship bias)
XHR,Xenia Hotels & Resorts  Inc.,Real Estate,stock,S&P smallcap600 constituent as of 2026-10 (survivorship bias)
XNCR,Xencor Inc,Health Care,stock,S&P smallcap600 constituent as of 2026-10 (survivorship bias)
XPEL,XPEL  Inc.,Consumer Discretionary,stock,S&P smallcap600 constituent as of 2026-10 (survivorship bias)
YELP,Yelp  Inc.,Communication Services,stock,S&P smallcap600 constituent as of 2026-10 (survivorship bias)
YOU,Clear Secure  Inc.,Information Technology,stock,S&P smallcap600 constituent as of 2026-10 (survivorship bias)
ZD,Ziff Davis,Communication Services,stock,S&P smallcap600 constituent as of 2026-10 (survivorship bias)
ZWS,Zurn Elkay Water Solutions Corp.,Industrials,stock,S&P smallcap600 constituent as of 2026-10 (survivorship bias)
